age,workclass,fnlwgt,education,marital-status,occupation,relationship,race,gender,capital-gain,capital-loss,hours-per-week,native-country,income
20,0,181944,2,4,12,0,4,0,0,0,22,39,0
34,5,73517,10,2,2,1,4,1,-18,0,40,39,1
35,7,179895,9,2,5,1,4,0,0,0,18,39,0
20,2,173092,0,2,11,5,4,1,0,1942,16,39,1
37,1,158190,11,2,4,0,4,1,0,0,62,39,1
35,5,71376,4,2,4,0,4,0,0,0,14,39,0
45,6,79531,15,2,3,0,4,0,0,0,40,39,0
20,4,68703,0,6,13,0,2,0,0,0,40,39,0
35,2,72049,15,2,13,0,4,1,0,1985,47,39,0
36,7,66745,9,2,12,4,4,1,0,0,40,0,0
35,6,64729,12,2,5,1,4,1,0,0,16,39,0
45,6,65678,15,2,10,1,4,0,0,0,71,39,1
45,4,181046,11,5,3,3,4,1,0,0,40,39,0
45,6,185292,14,2,10,1,4,1,-2137,0,47,39,1
46,4,147214,13,2,4,1,4,1,0,0,19,39,0
35,0,298993,10,2,10,5,2,1,0,0,55,3,0
30,6,66932,15,0,0,0,4,1,0,0,19,39,0
20,5,74783,2,2,4,0,4,1,0,0,19,39,0
35,7,131345,12,2,10,0,3,1,0,0,24,39,0
30,6,68642,13,2,10,0,4,1,0,0,25,39,0
20,5,64669,9,4,4,1,4,1,0,0,47,39,0
29,6,127673,9,2,11,2,4,1,0,0,34,39,0
46,0,177292,5,4,7,4,4,0,467,0,40,39,0
20,6,298493,1,2,0,1,4,1,0,2008,57,39,0
44,4,132327,15,0,2,0,1,0,0,0,40,39,0
30,1,179191,1,2,12,1,4,0,11011,1635,40,39,1
31,7,395506,15,2,7,1,1,1,0,0,56,4,0
31,7,388879,13,6,6,0,4,1,0,0,40,3,0
35,6,81511,13,2,10,2,4,0,0,0,40,39,0
34,4,412879,5,4,4,3,2,1,0,0,46,39,0
45,5,269536,12,2,2,3,4,1,0,0,40,39,1
34,4,57546,13,5,9,4,4,1,0,0,61,39,0
45,5,186552,5,4,3,3,4,1,0,0,40,39,0
30,7,141510,15,2,8,0,4,1,0,0,16,39,0
35,2,186229,4,2,10,0,4,1,0,1899,40,39,0
20,1,182574,8,3,9,5,4,1,0,0,40,39,1
20,7,136152,6,2,3,0,4,1,-403,0,40,39,1
35,2,286512,15,2,0,3,4,0,0,0,21,39,0
36,4,124661,6,2,0,0,4,1,0,0,40,39,0
45,5,269001,11,6,2,3,1,1,0,0,40,39,1
35,4,74241,9,6,6,0,4,1,951,0,47,39,0
45,1,383257,10,4,10,0,4,0,0,0,45,29,0
20,1,188563,10,4,5,0,4,1,895,0,33,39,0
30,2,186310,6,2,3,0,4,0,0,0,40,39,1
35,1,146925,14,4,3,0,4,1,0,0,57,39,0
44,0,150018,9,2,8,0,4,0,0,0,40,39,0
48,1,172742,15,2,10,0,4,1,0,0,40,39,0
45,4,129496,9,4,6,0,4,1,0,0,40,39,1
35,7,176279,4,2,3,3,4,1,0,2248,40,39,0
35,5,276648,5,2,4,5,4,1,0,0,40,39,0
30,4,425313,3,4,3,4,4,1,0,0,34,39,0
35,1,286870,9,4,4,0,4,0,0,0,40,39,0
20,4,356260,10,2,10,0,4,1,0,0,18,39,0
35,4,134315,13,2,1,0,4,1,0,0,46,39,0
45,6,137689,4,4,14,1,4,0,266,0,40,39,1
37,6,138358,9,5,6,0,4,0,0,0,40,39,0
30,0,144654,9,2,3,0,1,0,0,0,40,39,0
36,7,71498,9,2,2,4,4,1,0,0,52,39,0
20,1,185970,15,2,4,5,4,1,0,0,40,39,1
29,4,290731,3,2,7,5,4,1,0,0,18,39,0
45,0,181997,9,4,3,0,4,0,0,1939,55,39,0
45,7,65821,11,4,1,0,4,1,0,0,40,39,1
20,6,179788,6,2,6,0,4,0,0,0,40,39,1
36,4,294893,8,2,0,1,4,1,0,0,22,39,1
46,7,72510,4,2,5,4,4,0,0,0,65,39,0
44,6,389065,12,2,7,4,2,1,0,2373,16,39,0
30,5,64821,15,4,4,1,4,1,-1725,0,40,39,0
35,4,280867,10,4,3,4,4,0,0,0,40,39,0
46,7,76288,12,3,10,1,0,1,0,0,40,39,1
36,7,74399,15,2,1,3,4,1,0,0,40,39,0
36,4,152407,6,0,2,1,1,0,-1444,0,17,39,0
20,4,67940,15,2,4,0,4,1,-1749,0,19,39,1
20,7,299106,15,2,2,1,4,1,0,0,23,39,1
20,4,365666,11,4,10,0,4,0,0,0,18,39,0
31,7,295364,12,4,13,4,4,0,0,0,40,39,1
43,4,183306,9,4,10,3,4,1,0,0,59,39,0
44,4,68104,13,4,7,3,4,0,0,0,40,39,0
46,4,64859,11,2,7,0,4,1,0,0,40,39,1
43,4,54460,2,2,10,0,4,1,0,0,53,2,0
37,4,64887,10,3,10,3,4,1,4486,0,18,39,0
20,4,186202,9,4,14,1,2,0,0,0,15,39,0
44,1,191479,6,4,12,3,4,0,0,0,23,39,0
30,0,72709,9,4,1,0,4,0,0,0,21,39,1
35,6,124929,14,0,7,0,4,0,0,0,57,39,0
34,7,268136,4,1,8,5,4,1,0,0,18,39,1
46,7,124841,12,2,14,0,4,1,-499,0,40,39,0
20,6,382786,11,2,0,0,4,0,0,0,40,39,1
20,4,174033,7,2,3,0,4,0,0,0,18,39,0
29,4,185233,11,2,14,3,4,1,0,0,40,39,0
20,7,284943,11,2,12,0,4,1,0,0,23,39,0
45,4,179307,9,2,6,0,2,1,0,0,40,39,0
30,1,267112,6,4,11,0,4,1,396,0,48,39,1
21,4,181957,5,4,7,0,4,0,0,0,22,39,1
44,0,63157,2,2,5,0,4,1,0,0,54,39,0
35,1,403253,13,2,1,4,4,1,0,0,48,39,0
44,0,132179,15,4,6,1,4,1,1262,0,40,39,1
20,1,380641,14,3,3,0,4,1,0,0,40,39,1
30,4,133583,9,2,4,1,1,0,0,0,40,39,0
20,4,134944,0,2,1,5,4,1,0,2109,40,39,0
31,4,78495,15,4,0,3,4,0,0,0,15,39,0
34,4,67457,7,4,14,1,4,1,0,0,22,33,0
44,4,65710,2,2,9,0,3,1,0,0,51,39,1
43,7,135601,13,2,1,4,4,1,-848,0,40,39,0
45,4,60754,8,2,6,0,4,0,0,0,57,39,0
35,5,168542,8,4,2,0,4,0,0,0,40,39,1
35,1,172133,2,0,7,1,2,1,0,1750,47,39,0
46,6,190158,9,2,10,5,2,1,0,0,40,39,0
20,4,63857,3,0,0,1,1,0,0,0,40,39,0
20,4,183808,5,2,10,3,4,0,0,0,16,39,1
45,4,382232,15,2,3,1,0,1,0,0,56,39,0
36,4,402457,10,4,6,0,4,1,0,0,45,39,0
35,5,178052,0,6,1,0,4,1,0,0,54,39,0
46,7,135746,2,2,4,3,1,1,0,0,22,39,1
20,4,184498,13,4,5,1,4,1,1285,0,18,39,0
45,2,171302,1,2,0,1,4,1,0,0,67,39,0
44,6,293618,8,4,10,3,4,0,0,0,55,39,0
46,6,62778,12,6,3,1,4,1,415,2092,48,39,1
35,4,281114,12,2,0,0,4,1,0,0,40,39,0
35,6,263124,12,4,0,0,1,1,0,0,17,39,0
43,0,74019,15,4,9,1,4,0,0,0,20,39,0
20,6,64463,2,4,8,3,4,0,0,0,21,39,1
34,4,185008,9,2,6,1,4,0,0,0,32,39,0
34,2,139302,1,2,3,3,4,1,0,0,40,39,0
20,4,151745,2,2,7,0,4,1,0,0,40,39,0
30,7,174584,13,2,7,5,2,1,32670,1844,18,19,0
46,0,277394,1,4,13,0,4,1,-1024,0,40,39,1
30,4,121266,12,4,6,0,4,1,0,0,46,11,0
46,4,155439,5,6,6,1,0,0,0,0,40,39,0
30,5,183257,9,2,0,1,4,1,-196,0,25,39,0
47,6,283968,1,4,0,0,4,1,2839,1945,40,39,0
44,4,287215,0,6,3,0,4,1,0,0,40,39,0
44,1,179161,2,4,5,0,4,0,0,0,48,39,1
44,4,186761,9,4,7,0,4,1,0,0,40,39,0
20,0,78198,11,4,6,0,4,0,0,0,47,39,1
20,1,354502,15,2,14,1,4,1,0,0,40,39,0
45,2,62386,9,0,8,3,4,1,0,0,54,39,0
20,1,69718,12,4,10,0,4,1,0,0,35,39,0
20,0,277480,10,2,12,1,4,1,0,0,40,39,0
36,6,141941,13,4,14,3,4,1,0,0,55,39,1
30,4,73618,1,2,5,0,4,1,0,0,21,39,0
45,5,185351,4,2,10,0,2,1,1849,0,47,6,0
35,4,357818,15,2,1,3,4,1,0,0,40,39,0
36,4,289725,15,2,10,0,4,0,417,0,24,39,1
30,7,170937,12,4,4,0,1,1,0,1941,32,39,1
30,2,135932,15,2,8,1,2,1,0,0,40,39,0
44,0,187614,2,4,12,0,4,0,0,0,40,39,0
20,4,183798,14,2,1,0,0,1,0,0,40,39,0
21,4,187383,2,1,4,5,1,0,0,0,60,39,0
20,5,118448,4,2,1,0,4,1,0,0,47,39,0
30,1,67352,9,2,4,0,4,1,0,0,40,39,0
30,6,185385,7,2,9,1,3,1,0,0,40,39,0
36,7,142285,14,2,1,1,4,1,0,0,40,39,1
30,0,184195,9,4,4,0,4,1,0,1933,16,39,0
46,4,147300,0,0,10,0,4,1,0,0,33,39,0
35,6,267039,0,4,1,0,1,0,-486,0,15,31,1
20,7,406162,9,2,12,5,4,1,0,0,46,39,0
30,5,113153,15,2,4,1,4,1,0,0,20,39,0
36,7,184264,1,2,4,0,4,1,0,0,18,39,0
31,4,181426,12,4,3,4,4,1,0,0,40,39,1
29,7,178928,2,2,6,3,4,0,0,0,40,39,0
45,4,149519,1,3,4,0,1,1,0,0,17,39,0
20,4,146996,11,4,10,1,4,0,0,0,40,39,0
46,1,61806,9,2,6,2,4,1,0,0,40,39,1
45,4,137055,15,2,0,1,4,1,0,0,22,39,0
34,5,421018,12,2,4,0,4,1,0,0,23,39,0
30,1,64076,3,2,3,2,4,1,-1717,0,31,39,0
30,0,68890,9,2,0,5,3,1,0,0,40,39,0
35,4,139169,15,2,3,3,4,0,0,0,40,39,0
21,1,336436,1,1,10,0,4,1,0,2308,34,39,1
36,7,125123,10,2,3,1,4,0,0,1758,24,39,0
30,4,115272,15,6,10,3,4,1,0,2149,33,39,0
46,5,50559,10,3,12,0,4,1,0,1843,40,39,0
35,2,132871,9,2,1,0,4,1,0,0,45,39,1
35,0,179395,11,4,8,5,4,1,0,0,16,39,0
45,5,444453,4,2,10,1,4,1,0,0,21,39,0
30,7,72802,11,3,9,0,4,1,0,0,21,39,1
36,2,288117,13,2,5,1,4,1,0,0,16,39,0
46,4,401524,15,4,8,1,4,1,0,0,40,33,0
35,4,63966,1,4,5,3,4,1,2034,0,17,39,0
20,6,179797,15,2,12,0,4,1,0,0,40,39,0
20,6,341720,7,2,3,0,4,0,1067,0,40,39,0
46,6,134221,2,4,9,0,1,1,0,0,57,39,0
35,4,285849,9,4,10,0,4,0,0,0,40,11,0
46,4,72470,15,2,10,3,4,1,0,0,19,39,0
30,4,72437,9,2,1,1,4,1,0,0,34,39,0
20,4,176973,14,2,8,0,4,1,0,0,14,39,0
35,2,142385,12,6,8,0,4,1,0,0,40,6,0
20,5,192179,12,2,2,0,2,1,0,0,19,35,0
45,4,285752,3,4,14,5,4,1,0,0,56,39,1
30,6,144539,12,0,6,0,4,0,0,0,61,39,0
35,4,134388,9,2,10,0,2,0,0,0,40,39,0
46,7,146196,8,3,9,0,4,1,1701,0,22,39,1
20,2,178061,12,2,5,1,4,1,0,0,40,39,0
29,6,178138,4,2,4,3,4,1,0,0,32,39,1
44,7,148600,0,2,10,0,4,0,0,1965,15,39,0
20,7,174673,9,4,10,3,4,1,0,0,40,39,1
36,2,85088,0,0,2,3,3,0,0,0,24,39,1
45,4,407690,11,2,1,0,4,1,0,0,40,39,0
35,4,281874,10,2,9,0,4,1,0,0,40,39,0
45,1,135615,7,0,12,0,4,0,0,0,16,39,0
45,5,185308,3,4,12,4,4,1,0,0,40,39,1
45,6,71155,15,2,10,0,1,1,0,0,40,39,0
36,4,131957,3,5,3,0,4,1,26537,0,40,39,0
44,2,67604,6,0,12,4,4,1,0,0,40,0,1
36,4,186889,2,2,6,0,4,1,0,0,57,39,1
30,4,287815,7,5,3,0,4,1,0,0,40,39,0
34,7,78274,6,2,1,4,4,0,-163,0,46,39,0
34,4,275608,8,6,12,0,4,1,0,0,40,39,0
21,4,300309,12,2,10,0,4,1,0,1890,16,39,1
20,1,183041,13,2,3,0,4,0,0,0,40,39,0
45,4,181888,15,4,4,0,4,1,0,0,24,39,0
20,2,187908,10,0,4,0,4,1,0,1927,40,22,0
30,4,178870,15,4,10,1,4,1,0,0,40,39,0
20,2,271050,15,2,1,0,4,1,0,0,46,39,0
35,4,274511,2,4,10,0,4,1,0,0,40,39,0
30,5,76633,15,2,0,1,4,1,0,0,48,39,0
31,4,73555,4,2,4,2,4,0,0,0,54,39,0
45,6,283331,9,2,7,0,2,0,0,0,58,39,1
45,4,64360,6,2,3,0,4,1,2126,0,55,39,0
35,0,175100,10,2,6,0,4,1,0,0,13,39,0
36,6,431920,11,4,4,2,4,0,0,2133,40,39,0
35,6,179834,15,2,8,0,3,0,0,0,40,39,0
35,4,289645,1,2,10,0,4,0,0,0,40,27,1
31,1,144292,13,2,6,1,4,1,0,0,56,39,0
45,6,265852,12,2,4,0,4,1,0,0,40,39,0
34,4,128034,12,2,13,0,4,0,0,0,18,39,0
44,4,77432,9,2,11,3,4,1,0,0,20,39,0
45,1,178874,9,0,10,0,4,1,0,0,47,6,0
30,4,180846,15,4,1,0,4,1,0,0,40,39,0
30,4,246801,2,4,6,4,4,0,0,0,46,39,1
36,4,241805,4,0,7,0,4,1,0,0,25,39,0
36,0,71136,11,2,6,0,1,0,0,0,20,39,1
45,1,63274,9,2,1,3,4,1,3024,0,36,39,0
30,7,80978,7,4,10,4,4,1,0,0,56,39,1
46,7,141685,10,0,1,4,4,1,2050,0,40,39,0
20,7,75065,4,4,13,0,4,0,0,0,34,39,0
35,4,178948,6,2,7,1,0,1,53,0,23,39,0
20,2,179119,15,2,9,3,1,1,0,0,32,39,1
21,1,135734,7,4,4,1,4,1,0,0,61,39,0
45,4,188802,5,4,10,0,1,1,0,0,17,39,0
42,4,59950,15,1,4,1,4,1,0,0,18,39,0
35,4,186703,15,2,10,3,1,1,0,0,58,39,0
21,4,134953,11,2,14,1,4,1,684,0,66,39,0
35,4,191134,13,2,10,4,4,0,0,0,40,39,1
44,4,143130,10,4,8,0,4,1,0,0,40,39,0
20,4,133347,15,4,7,3,4,1,0,0,40,39,0
46,4,190324,7,0,14,3,4,1,17424,0,46,39,0
30,4,139131,7,2,4,2,4,1,0,0,40,39,0
20,2,73441,8,2,4,1,4,0,0,0,17,39,0
20,2,181542,1,2,3,0,4,0,0,0,40,39,1
34,6,59421,11,2,14,3,4,1,0,1927,20,39,1
45,6,277723,4,4,10,0,4,1,0,0,23,39,0
30,7,142127,6,2,10,3,4,0,0,0,33,39,0
44,4,143465,2,4,3,0,2,0,0,0,34,39,1
43,2,173928,13,2,13,5,4,0,0,1950,53,39,1
45,1,188622,15,4,8,3,2,1,1108,0,40,39,0
30,6,183784,1,2,2,0,4,1,0,0,60,39,0
44,7,298554,15,4,2,5,4,1,0,0,46,39,1
20,7,136745,0,2,0,0,4,1,0,2144,40,39,0
30,7,173849,1,2,5,1,4,0,0,0,40,39,0
30,7,118180,9,2,14,1,4,0,0,0,17,39,0
30,4,391705,9,4,4,0,4,1,0,0,17,39,1
20,0,72738,9,2,6,0,4,1,0,0,47,39,0
34,4,268363,14,2,0,1,4,0,0,1898,54,39,0
29,2,72471,15,4,1,0,0,0,0,0,70,39,0
30,4,69932,7,2,12,4,4,0,-669,0,48,39,1
20,1,178938,10,2,4,3,4,1,0,1963,22,39,0
36,4,176494,2,4,4,1,1,1,1569,0,40,39,0
20,4,178944,10,2,14,1,4,1,0,0,46,37,0
20,2,64560,9,6,0,1,4,1,0,0,40,39,1
45,2,291844,8,2,11,0,2,1,2544,0,34,39,0
46,4,149516,9,2,7,3,4,1,0,0,35,39,0
36,7,61095,5,2,9,1,4,0,0,1748,40,5,0
46,2,173609,5,3,4,2,4,1,0,0,17,39,1
20,4,281756,1,4,6,3,4,1,669,0,57,31,0
30,4,171803,9,4,4,0,4,0,2384,0,44,19,0
47,4,181341,4,4,11,0,1,1,0,0,40,39,0
35,4,278814,9,2,10,1,4,1,0,0,40,39,0
47,4,185170,7,2,10,1,4,1,0,2091,40,39,1
35,1,178668,9,2,13,5,4,0,2046,0,40,39,0
44,4,380167,9,2,12,2,0,0,0,0,40,39,1
30,7,419265,7,4,10,1,4,1,0,0,19,39,0
44,7,190737,12,2,14,4,4,1,636,0,40,39,0
35,4,279944,9,0,4,3,4,1,0,0,45,39,0
29,7,177259,0,4,12,3,2,0,0,0,40,39,0
20,4,278606,13,2,7,0,4,0,1977,0,20,39,0
31,2,188668,12,2,10,3,4,1,0,0,40,39,0
35,4,383235,14,0,7,1,4,0,0,0,16,6,0
43,4,69336,11,2,1,0,4,1,0,0,18,39,0
30,4,137804,12,2,8,4,4,0,22948,0,18,39,0
35,7,130114,10,2,7,3,4,1,0,0,20,39,0
20,4,174583,11,2,8,0,4,1,0,0,40,39,0
30,4,185337,8,2,12,0,4,1,0,0,52,39,0
30,6,187132,15,2,9,4,4,0,0,0,54,39,0
44,5,280814,11,2,10,3,4,1,0,0,56,39,0
30,0,73116,13,2,14,4,4,0,0,0,63,39,0
46,4,399665,10,0,4,1,4,1,0,0,40,39,0
44,5,171230,15,4,4,4,2,0,0,0,40,39,0
20,0,385746,15,2,4,3,4,1,0,0,13,39,1
35,0,250588,8,3,9,4,4,1,0,0,15,39,1
20,4,305800,10,4,4,0,4,1,0,0,40,39,1
46,4,133175,5,2,4,2,4,0,0,0,68,37,0
30,2,136004,9,2,4,4,4,1,0,0,40,39,0
46,4,363965,9,4,1,3,4,1,0,0,40,39,1
30,0,274893,2,2,5,4,4,0,0,0,40,39,0
20,2,187736,11,4,10,0,4,1,0,0,16,39,0
30,0,131611,6,4,10,1,4,0,-1272,0,16,29,1
20,5,148170,9,4,1,0,4,1,0,0,40,39,0
46,4,277433,10,2,3,0,4,1,0,0,55,39,0
20,5,65364,9,4,1,0,4,0,0,0,46,39,0
45,2,190349,15,2,0,1,4,1,0,0,53,39,0
33,4,270981,10,2,4,4,4,1,0,0,40,39,0
45,5,142421,8,4,10,0,1,0,0,0,40,39,0
45,6,181478,7,4,4,0,4,1,30384,0,21,39,1
44,4,62753,3,3,3,0,4,0,0,0,35,39,0
44,0,455379,14,2,9,0,4,1,0,0,18,39,0
45,0,67305,9,2,10,0,4,1,0,2064,40,39,0
44,7,73888,10,2,10,1,1,1,0,0,40,39,1
30,4,173448,12,2,3,1,4,0,0,0,19,23,1
45,1,82823,13,4,7,0,4,1,0,0,40,39,1
20,7,58608,15,2,4,2,4,1,0,0,52,39,0
31,2,62310,3,4,8,0,4,0,0,0,40,39,0
30,0,175348,13,2,9,0,4,1,0,0,39,39,1
31,2,277361,3,0,14,0,2,1,0,0,40,39,0
20,4,284742,4,5,10,1,4,1,0,0,46,39,0
44,4,186675,4,4,10,4,4,1,0,0,20,39,0
20,7,81816,10,2,4,1,4,0,0,0,47,39,0
35,4,195693,2,4,14,0,4,1,0,0,40,39,0
35,4,188447,3,2,14,0,1,1,796,1862,40,39,1
36,4,178631,2,4,14,3,0,1,0,0,16,39,0
35,6,256149,2,2,3,3,0,0,0,0,18,39,0
36,1,182171,7,2,5,4,4,1,0,0,40,39,0
21,4,184171,15,2,14,1,4,1,0,2188,34,16,0
35,7,179341,15,0,4,1,4,0,0,0,40,39,1
19,6,67193,15,2,0,0,4,0,0,0,40,39,0
20,7,134091,12,2,1,1,4,1,0,1898,40,39,1
21,6,140425,5,4,14,0,4,1,0,0,17,39,0
35,4,191630,5,3,4,3,4,1,0,0,17,39,1
44,4,71107,3,2,14,3,4,1,0,0,40,39,0
20,7,64251,2,2,3,0,4,1,0,0,49,39,0
31,0,71720,9,4,14,4,4,0,0,2202,20,39,0
43,5,178358,9,2,10,3,2,0,0,0,58,39,0
45,6,137080,14,2,6,0,4,1,0,0,48,39,0
44,0,137055,8,0,10,0,4,0,0,0,47,39,0
45,5,135594,3,4,10,2,4,0,0,0,16,39,1
43,1,186222,14,2,4,1,4,1,0,2178,47,39,0
36,4,124626,9,4,6,3,4,0,0,0,40,39,0
35,1,305379,8,2,3,0,4,0,0,2198,40,30,0
30,2,297328,9,2,7,4,4,1,706,0,15,39,0
21,4,138426,15,2,1,0,4,0,0,0,40,39,0
29,4,127904,9,4,4,0,4,1,0,2051,40,29,0
20,6,62934,11,5,6,0,2,0,0,0,53,39,0
36,4,178676,15,2,10,4,4,1,0,0,40,39,1
45,2,178516,2,4,1,1,1,0,0,0,54,39,0
45,5,288867,6,0,14,3,4,1,-807,0,56,39,0
31,7,267611,9,2,10,0,4,1,0,0,33,39,0
45,4,262261,15,2,9,2,4,0,0,0,18,39,1
20,7,185670,2,2,4,0,4,0,0,0,40,39,0
30,4,393964,14,4,10,2,4,1,0,0,47,39,0
46,5,131496,10,4,10,3,4,1,-2067,0,40,39,0
44,6,185892,5,3,7,0,4,1,0,1894,40,39,0
30,4,142503,10,2,2,5,4,1,0,0,62,39,0
44,6,56268,13,2,1,3,4,1,0,0,51,39,0
31,6,131604,0,0,3,0,4,1,0,0,47,39,0
36,2,69938,5,1,7,0,1,1,0,0,52,9,1
20,4,156848,8,2,3,0,2,1,799,0,40,39,0
35,2,265604,9,2,4,0,4,1,0,0,46,39,0
31,6,180863,11,2,10,3,4,1,0,0,40,25,1
20,2,181706,15,4,1,0,4,0,0,0,40,39,0
44,7,285214,10,4,4,0,4,0,0,0,17,39,0
34,4,280893,13,2,12,3,4,1,0,0,71,39,1
46,5,59607,15,2,10,1,4,1,0,0,24,39,1
34,4,256141,5,4,6,1,4,1,16384,2081,18,39,1
46,4,184582,1,2,4,0,4,0,0,0,32,35,0
46,2,190018,2,2,9,0,4,0,0,0,40,39,0
45,4,294224,10,4,6,1,2,0,-251,0,40,39,0
45,2,134023,11,2,10,0,4,0,0,2153,40,39,0
21,7,248533,13,2,1,4,4,1,0,0,32,39,0
21,2,262852,11,2,10,0,4,0,-91,0,40,39,0
46,6,288063,9,0,3,4,4,0,0,0,59,39,0
20,2,183593,10,4,4,1,1,0,0,0,46,39,0
35,0,64705,10,6,10,3,0,0,0,0,17,39,1
46,4,184173,15,0,10,0,4,1,0,0,55,39,0
44,5,396632,6,2,14,2,2,1,0,0,54,16,0
30,0,74009,6,2,3,0,4,1,0,2060,54,39,0
43,4,182546,5,4,6,0,4,1,3711,0,58,39,0
44,0,290130,14,4,6,0,2,0,0,0,40,6,0
20,7,61834,5,4,3,0,4,0,0,0,40,33,0
20,6,73501,2,4,4,0,4,1,0,0,84,39,1
20,4,72100,0,2,1,0,4,1,0,1653,21,39,0
45,7,176605,9,2,8,1,4,1,0,1945,40,39,1
45,4,306289,0,5,6,0,4,1,0,0,40,39,0
20,1,123096,14,2,13,3,4,0,0,0,62,39,1
34,1,66720,11,4,1,0,4,1,0,0,40,26,0
43,6,68480,7,2,3,2,4,1,0,0,40,39,0
30,1,291467,13,2,10,1,4,1,0,0,48,39,0
44,4,175340,10,6,6,0,3,1,0,0,40,39,0
29,2,280630,9,2,1,0,4,1,0,0,47,39,0
20,4,138453,7,2,4,4,4,0,0,0,56,39,0
46,7,148810,13,2,10,3,4,1,0,0,40,39,0
44,7,177568,15,2,10,0,4,1,0,0,40,39,1
35,6,364033,11,2,5,3,4,0,0,0,16,39,0
30,4,182099,2,2,10,1,4,0,0,0,17,39,0
35,2,273629,12,4,5,0,4,1,0,1671,33,39,1
45,2,179171,12,2,10,2,4,1,0,0,21,39,0
43,4,181924,4,5,12,3,4,0,0,0,47,32,0
20,4,70807,5,4,9,1,4,1,0,0,40,39,0
36,4,182805,11,4,0,5,4,1,0,0,40,39,0
36,1,131792,9,2,3,1,4,1,0,0,40,39,0
37,6,132725,12,2,3,0,4,0,0,0,40,39,0
44,2,181091,9,2,4,4,4,1,0,0,18,39,0
34,4,70696,13,3,7,1,4,0,0,0,21,39,1
36,2,345452,13,2,10,4,4,1,0,0,40,39,0
30,4,283049,14,4,6,3,3,0,0,0,47,39,0
21,1,186282,2,4,3,0,4,1,1947,0,40,39,1
47,4,176144,0,4,14,3,4,1,-798,0,56,39,0
30,7,246427,15,2,10,0,2,1,0,0,40,39,1
35,2,173779,9,4,4,0,4,1,0,2385,40,39,0
29,7,66074,9,2,10,4,4,0,0,0,40,39,1
30,1,181792,10,4,4,0,4,1,0,2073,33,39,1
21,0,272043,2,2,14,0,4,1,0,0,40,39,1
36,1,147743,9,5,13,0,4,0,0,0,47,39,0
30,0,185385,14,6,10,1,4,1,0,0,40,39,0
20,1,181022,6,2,8,4,4,1,0,0,48,39,0
46,7,76113,13,5,9,0,4,0,0,2243,40,39,1
36,7,62697,10,2,0,1,4,1,0,0,16,39,0
44,4,176339,9,4,3,1,4,0,-877,0,47,39,1
35,6,141857,2,3,1,0,2,1,0,0,16,39,0
37,6,137076,4,5,10,1,4,1,0,0,19,39,0
36,5,72354,9,0,3,3,2,0,0,0,39,39,1
20,4,135658,9,2,10,1,4,1,0,0,40,39,0
44,1,175286,10,2,14,1,4,0,0,1660,57,39,0
30,7,67301,6,2,8,4,4,0,0,1778,40,39,0
34,4,185252,15,2,3,3,4,0,0,0,40,39,0
35,4,139773,14,2,14,1,4,1,0,0,40,39,0
21,6,64127,15,4,10,0,4,0,0,0,32,39,0
44,1,456361,5,2,10,0,4,1,0,0,18,39,0
45,1,122293,5,2,13,0,4,0,2504,0,15,39,0
35,7,69317,11,2,4,0,4,0,0,0,17,39,0
20,6,129700,15,4,8,4,4,0,0,0,40,39,0
45,7,69481,15,0,5,0,4,1,0,0,47,39,0
36,4,181624,9,2,3,1,4,1,0,0,40,39,1
45,4,280243,9,4,0,3,4,0,0,0,46,39,0
30,4,131151,1,2,4,4,4,1,0,0,59,39,0
36,7,57917,9,2,0,1,2,1,0,0,40,39,1
45,1,68012,2,4,4,0,4,0,0,0,24,39,0
44,2,405426,7,2,3,0,4,1,0,1934,53,39,0
30,2,70499,7,4,0,1,4,1,0,0,40,39,0
30,4,274215,8,2,1,1,1,1,0,0,40,39,0
47,1,281050,2,2,10,4,4,0,0,1707,40,39,1
44,4,63562,9,2,10,1,4,0,0,0,40,39,1
45,0,419932,1,2,1,0,4,1,0,0,14,39,0
30,7,148161,12,2,4,0,4,0,0,0,12,39,0
20,1,72640,11,2,14,3,4,0,0,0,47,39,0
35,4,124095,1,3,8,1,4,1,0,0,39,39,0
31,1,182950,0,2,10,3,2,1,0,0,53,39,1
30,2,66962,15,2,3,1,0,0,0,0,14,40,0
35,4,283510,5,4,0,0,4,1,0,0,59,39,0
45,7,180007,11,2,4,1,4,0,0,0,20,39,1
30,4,66874,9,2,0,0,4,1,0,0,40,39,0
21,5,183107,3,2,8,1,4,0,0,0,18,34,0
20,0,73453,9,2,3,0,4,0,0,2237,40,39,0
20,4,80338,9,4,10,4,4,0,0,0,40,39,1
31,4,140322,15,2,13,3,4,0,0,1926,33,39,1
43,7,139868,11,2,4,1,4,1,-224,0,20,39,1
45,4,185954,12,4,13,2,1,0,0,2059,18,39,0
30,4,175546,11,4,13,1,4,1,0,0,46,39,1
20,7,280211,13,4,12,1,4,1,0,0,53,39,0
20,2,67977,14,6,12,3,2,0,0,0,16,39,1
30,4,127331,9,2,14,1,4,1,0,0,40,39,1
20,0,192689,15,6,0,3,4,1,-2668,0,15,39,0
44,4,175030,4,2,3,0,4,1,0,0,39,39,0
47,7,74679,11,4,8,0,4,1,0,0,40,39,1
20,7,67052,15,2,9,3,4,1,0,0,40,39,0
46,4,177360,12,5,6,1,4,0,0,0,47,39,1
35,1,135094,6,2,11,0,1,0,0,0,20,39,0
35,4,131918,3,2,3,0,4,1,0,0,33,39,0
30,2,142970,0,2,7,1,4,1,0,0,18,39,0
30,5,65363,7,4,10,1,4,0,-543,0,32,39,0
45,7,392194,2,5,12,2,2,1,0,0,55,39,0
36,4,66326,9,2,10,4,4,1,1254,1718,21,39,0
35,7,142647,6,3,4,5,2,0,-542,0,58,39,1
30,2,287261,1,2,10,1,4,0,0,0,34,35,0
30,6,397264,11,2,4,0,3,1,0,2276,22,39,0
20,1,127799,1,4,3,5,4,0,0,0,20,39,1
45,2,66179,4,2,0,0,4,0,0,0,47,39,0
20,4,137835,4,4,1,0,2,1,0,0,19,39,0
34,2,72768,9,5,12,3,4,1,0,0,54,39,0
20,1,279121,15,2,4,1,1,1,0,0,12,39,1
20,4,66572,6,0,8,0,4,1,0,0,17,39,0
30,4,181534,3,4,7,4,4,1,0,1939,65,39,0
20,5,185489,13,2,5,1,1,1,0,0,40,36,0
44,2,131473,6,2,7,2,4,0,0,2100,46,39,0
35,4,134481,2,2,4,0,4,1,0,0,29,39,0
30,4,178465,9,2,7,0,2,1,0,0,20,39,0
20,2,181183,9,4,4,0,4,1,0,0,40,39,0
20,4,172550,3,4,12,1,4,1,0,0,15,39,1
35,4,175543,3,2,4,0,4,0,0,0,22,39,1
30,4,272171,2,2,7,1,3,0,0,0,18,39,0
21,1,139525,3,2,4,1,4,1,0,0,40,39,0
45,0,255222,3,0,3,3,2,1,0,0,40,39,0
30,4,67068,0,4,5,1,4,0,0,0,17,26,0
35,2,60512,13,2,4,5,4,1,0,0,15,39,0
20,1,291381,12,2,12,0,4,1,0,0,40,39,0
46,1,416077,15,2,10,0,4,0,12188,0,47,39,0
35,1,77250,9,4,11,3,4,1,-692,0,18,39,0
30,2,70069,3,0,14,0,4,1,-1586,1998,68,39,0
35,5,65172,9,4,10,0,4,1,0,0,14,39,1
31,2,170888,10,2,4,1,4,0,0,0,21,39,0
29,4,73191,7,2,3,4,4,1,-995,0,40,39,0
44,1,185373,8,4,3,0,4,1,0,0,19,39,0
45,4,68627,9,2,1,5,4,1,0,0,35,39,0
30,0,181399,11,1,1,1,4,0,0,0,17,39,1
46,4,185587,0,3,12,1,2,1,0,0,40,39,0
43,4,75456,2,2,6,1,1,1,0,0,48,39,0
44,4,140823,1,4,11,0,1,1,-233,0,20,39,0
20,4,187909,9,4,14,1,4,0,0,2246,40,39,0
44,7,82251,3,2,0,0,3,1,0,0,19,39,1
46,0,187438,1,6,0,1,4,1,0,0,40,39,0
31,6,239404,5,5,10,1,4,1,0,0,40,39,0
30,0,185536,9,2,6,0,4,0,0,0,31,39,1
35,4,293531,8,4,11,4,4,0,0,0,40,39,0
30,6,58922,2,2,10,3,4,1,1017,0,40,39,0
30,0,145750,11,2,12,0,3,1,0,0,40,39,0
45,1,64786,9,6,14,0,1,1,0,0,17,9,1
20,6,183654,6,4,4,3,4,1,-803,0,15,39,0
36,6,190427,9,5,8,4,4,1,0,0,40,39,0
20,2,272185,6,2,10,3,4,1,0,0,23,39,0
31,1,388314,10,4,5,0,4,0,0,0,18,39,0
35,2,186457,9,4,13,1,4,1,-1635,0,33,39,0
44,4,133323,6,4,4,3,4,1,0,0,40,34,0
30,0,61898,3,2,8,5,4,0,0,2265,40,39,0
20,0,133994,15,2,11,0,4,1,0,0,46,39,0
36,1,284423,15,4,4,0,4,1,0,0,40,39,1
30,5,181373,12,2,7,3,4,0,0,0,40,39,0
30,2,283123,9,2,4,0,4,0,0,0,40,39,0
46,5,140092,1,2,10,0,4,0,-1717,0,47,39,0
43,6,266489,11,2,6,4,2,0,0,0,40,39,0
20,1,180371,2,4,6,3,4,0,0,0,46,39,1
44,6,182129,1,2,0,1,4,1,0,0,46,39,0
43,4,63207,11,4,3,1,4,1,0,0,21,39,0
30,6,53606,12,4,8,4,4,1,0,0,17,39,0
34,4,299027,8,2,10,1,2,1,0,0,47,39,0
46,7,181136,15,2,4,2,4,1,0,0,40,39,1
45,7,66704,14,0,14,0,4,1,0,0,17,39,0
20,4,272969,9,2,9,0,4,0,0,0,40,39,0
45,2,186007,7,2,4,3,4,0,0,0,45,39,1
35,0,187854,15,2,10,0,1,1,0,0,40,39,0
30,6,123523,6,2,10,3,2,1,0,0,40,39,0
36,5,190567,15,2,6,1,4,0,0,0,40,39,0
45,1,173973,13,2,14,0,1,0,0,0,39,39,0
45,7,72407,14,2,4,4,4,0,0,2072,40,39,0
21,4,187326,0,4,10,0,4,0,0,0,40,39,0
20,2,182362,11,2,2,0,4,1,0,0,19,39,1
35,0,65959,6,5,1,4,4,1,0,1893,21,39,1
36,4,139707,1,2,1,0,4,1,0,0,57,39,0
30,4,277272,11,2,6,0,4,0,-805,0,19,39,0
34,4,349132,6,4,13,0,4,1,0,0,40,39,1
44,4,66399,13,3,4,3,1,0,0,0,40,11,1
29,4,184088,9,2,2,0,4,1,0,0,19,39,0
30,2,137535,4,2,8,1,0,1,0,0,40,25,1
20,7,144041,15,4,3,0,4,0,0,0,40,39,0
36,4,179795,15,2,11,3,1,1,1038,2113,33,39,0
42,7,142157,9,2,0,0,4,1,0,2178,18,39,1
36,4,58278,9,4,3,0,4,1,0,0,57,39,0
45,2,177763,0,4,3,5,4,1,0,0,40,39,0
43,5,143643,13,0,0,1,4,0,0,0,46,39,0
36,4,181853,4,4,8,0,4,0,0,0,62,39,1
44,7,281899,15,4,3,3,4,1,0,0,33,39,0
45,2,62594,11,4,7,0,4,1,0,0,33,39,1
30,2,177090,9,4,12,3,4,1,0,0,40,39,0
30,2,141082,15,4,4,3,4,1,0,0,40,39,0
45,5,182990,2,4,10,3,4,0,625,0,40,39,0
31,7,69376,15,2,10,0,4,0,0,2102,40,34,0
31,4,141506,15,2,10,0,3,0,0,0,18,39,0
19,4,128565,12,4,10,0,4,1,0,0,40,39,0
44,2,179651,2,0,6,3,1,0,0,0,40,39,0
31,5,291552,6,0,5,4,4,1,1034,1746,40,39,0
34,0,72097,10,0,4,0,4,0,0,2088,36,6,1
46,0,303750,2,4,1,3,4,1,0,0,40,39,0
31,2,129757,11,2,11,1,4,0,0,0,40,39,0
20,4,293844,10,2,4,1,4,1,0,0,40,39,0
30,4,174841,7,2,1,0,4,1,0,0,40,39,0
20,7,272730,11,4,10,1,3,1,0,0,22,39,0
45,5,186326,13,2,12,1,4,1,0,0,35,39,0
30,5,269969,15,4,5,1,4,1,0,0,30,39,0
35,5,179373,3,2,10,1,4,1,0,0,40,39,0
20,1,396956,11,2,7,0,4,0,0,0,51,39,0
46,4,253586,8,4,4,0,4,0,0,0,55,39,1
20,4,136046,12,2,10,0,4,1,0,0,40,19,0
31,2,178866,12,4,9,2,4,0,0,0,32,39,0
20,7,436220,13,0,10,0,4,1,0,0,40,39,1
44,4,66428,8,4,6,1,4,1,0,0,61,39,0
30,7,274078,12,2,4,0,4,0,0,0,49,39,0
43,4,184182,13,0,12,1,4,1,0,0,16,39,0
30,4,65496,0,3,4,0,4,1,0,0,46,39,0
36,4,181432,10,3,10,2,0,0,0,0,40,39,0
21,4,180237,11,2,3,3,3,0,0,0,40,30,0
20,1,279514,14,4,8,0,4,1,0,0,40,39,1
20,4,287874,3,2,12,0,4,1,0,0,40,39,0
20,0,138553,3,4,10,0,4,0,0,0,48,39,0
30,0,71528,10,4,3,0,0,1,0,0,18,39,0
44,1,272403,2,4,5,3,4,1,0,1924,40,39,0
20,4,67149,9,2,4,1,4,1,0,0,40,39,1
35,4,72912,4,2,3,0,4,0,0,0,40,39,0
44,4,191140,15,2,3,2,4,1,0,0,13,39,0
21,4,64666,11,2,10,0,2,1,0,0,61,39,0
35,2,81229,14,6,13,0,1,1,0,0,40,39,1
43,4,72056,15,2,2,3,4,0,0,0,46,39,0
35,6,73603,15,0,3,0,4,1,0,0,61,39,0
36,4,295184,15,2,10,4,4,1,0,0,75,5,0
37,2,191260,8,2,1,3,2,1,-199,0,40,39,0
47,1,274770,9,2,6,4,4,1,0,1796,40,39,0
36,7,136544,2,4,13,3,4,1,0,0,40,39,0
20,7,62963,1,2,10,5,4,1,0,0,40,39,0
20,7,179012,2,0,3,3,3,1,0,0,47,39,0
44,2,288546,10,4,12,5,4,0,0,0,20,39,0
44,1,72937,12,0,1,3,4,1,0,0,40,39,0
43,4,167957,6,2,3,1,4,1,0,0,12,39,1
45,6,79334,15,0,8,0,1,1,0,0,40,39,0
34,4,296869,10,2,12,2,4,1,0,0,46,39,0
35,2,187793,3,4,12,1,4,1,0,0,21,39,0
21,1,190573,1,2,3,4,4,0,0,0,21,39,0
43,4,142218,9,2,12,0,2,1,0,1726,16,39,1
30,1,69699,13,0,10,0,4,1,0,0,35,39,1
20,4,186645,8,2,9,1,4,1,0,0,47,39,0
31,4,69144,3,5,6,0,4,1,0,0,40,39,0
35,7,192807,7,2,6,3,4,1,0,0,40,39,0
46,4,67336,2,4,11,0,1,1,0,0,40,39,0
46,0,289926,5,2,5,3,4,1,0,0,40,39,0
45,6,293391,1,2,5,0,4,1,0,1962,19,39,0
20,0,159304,11,5,7,0,4,1,0,0,40,39,0
34,4,64064,2,4,10,1,4,0,0,0,19,39,1
29,4,179522,11,2,6,1,4,1,0,0,40,39,1
20,6,77480,10,2,4,1,4,1,0,0,40,39,1
44,4,81112,12,4,12,3,1,1,0,0,40,33,0
37,5,282405,8,2,0,0,4,1,0,1948,40,39,0
20,0,65151,15,2,2,1,4,1,-660,0,48,39,1
42,4,394409,7,2,3,0,4,0,-31,0,20,39,0
43,7,72826,15,6,4,1,4,1,0,0,56,39,0
29,1,63653,9,2,6,0,4,1,0,0,32,39,0
44,0,179739,5,2,6,3,2,1,0,0,40,39,0
21,2,271645,6,2,3,3,4,1,0,0,39,39,0
21,2,185178,10,2,10,1,4,0,0,0,17,39,0
36,7,177834,2,4,6,1,3,1,0,0,40,11,0
44,7,131750,9,2,6,1,4,1,0,0,45,39,0
35,4,173416,1,4,6,3,4,1,24506,1704,15,39,0
30,4,294653,7,5,12,3,4,0,0,0,62,39,0
44,5,284358,0,2,10,0,4,1,0,0,40,39,0
20,2,180891,4,0,11,0,4,1,0,0,47,39,0
36,2,136318,14,2,4,4,4,1,0,0,40,39,1
45,6,272503,3,2,3,0,4,1,0,0,40,39,0
46,2,182204,3,2,8,1,4,1,0,0,17,39,1
44,7,137733,9,2,6,3,4,1,0,0,45,39,0
35,5,414350,4,4,5,1,4,1,0,0,40,39,0
21,2,249572,9,2,4,1,4,0,0,0,26,39,0
20,4,185128,14,2,3,0,4,1,0,0,21,39,0
20,1,258232,9,2,0,3,4,1,0,0,40,29,1
20,1,140995,4,4,10,5,4,1,0,0,45,39,0
44,4,186878,13,4,3,4,4,0,0,0,40,39,0
34,0,72516,11,4,6,0,4,1,0,0,54,39,0
21,6,68443,9,2,10,3,4,1,22147,0,40,5,1
29,1,134788,0,2,12,4,4,1,0,0,46,39,0
20,4,79091,5,4,10,4,4,0,0,0,26,39,0
45,6,276216,15,2,10,0,4,1,0,0,40,39,0
46,1,187225,12,4,4,1,2,0,0,0,54,39,0
30,0,58996,11,4,8,0,4,1,0,0,52,39,0
45,4,186323,2,5,4,1,3,1,0,0,40,39,1
36,4,74531,15,2,4,0,4,1,0,0,17,39,0
43,7,281207,9,2,4,0,4,0,0,0,40,39,0
20,6,291247,15,3,1,3,4,1,0,2108,40,39,1
30,4,77091,2,2,0,1,4,0,0,0,48,39,0
30,5,185467,1,2,0,1,4,1,0,0,40,39,1
20,4,179504,14,4,4,0,4,1,0,0,46,39,0
45,4,188319,2,2,0,1,4,0,0,2157,46,39,0
35,7,183558,15,2,6,1,4,1,0,0,40,39,1
30,4,378297,2,2,7,1,4,1,0,0,57,16,0
30,0,134233,3,2,8,0,4,0,0,0,34,39,0
37,1,389362,6,4,14,3,4,1,0,0,50,30,0
35,1,124429,8,4,10,0,4,1,-311,0,40,39,0
45,4,188208,6,2,12,1,4,1,0,0,20,39,1
45,5,180264,9,4,2,4,4,1,0,0,34,39,0
45,6,178896,2,6,4,0,4,0,0,0,55,39,0
20,4,185071,9,4,14,4,4,1,0,0,48,39,0
20,6,61597,12,2,7,4,4,1,0,0,63,39,1
35,5,128888,15,0,3,3,1,1,0,0,40,39,1
45,4,261617,14,2,14,4,4,0,0,0,54,39,0
20,4,182594,15,2,6,4,4,1,0,0,25,39,1
45,7,268402,8,4,8,3,4,1,-411,0,40,39,0
20,7,189005,10,2,0,3,4,1,0,0,33,39,0
21,4,131720,15,4,12,1,4,1,0,0,48,39,0
45,4,131743,10,4,5,0,4,1,0,0,40,39,1
21,2,192748,1,2,8,3,4,0,30067,0,18,39,0
35,7,181597,15,4,0,0,2,1,0,0,15,39,0
20,2,181446,13,2,4,0,4,0,0,0,45,39,0
44,2,194314,13,6,10,3,4,0,0,0,32,39,0
29,4,185947,5,2,2,2,4,0,0,0,47,39,0
20,4,272457,7,5,6,0,2,1,0,0,14,39,1
30,1,274113,5,4,4,3,4,1,0,0,48,39,0
20,4,310567,1,2,6,0,4,0,0,0,40,39,0
29,7,69951,9,2,12,0,4,0,0,0,58,39,0
45,4,191425,14,2,6,2,4,1,255,0,40,39,0
35,0,137251,9,2,1,3,4,1,0,0,18,39,1
44,6,402181,8,2,7,3,4,1,0,0,18,39,0
44,4,276180,5,0,5,4,4,1,0,0,20,39,0
44,4,73358,5,1,10,0,4,1,0,0,47,39,0
36,1,133024,4,2,3,3,4,1,0,1962,15,39,0
36,7,180666,7,2,4,1,4,1,0,0,54,39,0
37,1,67722,9,2,0,5,2,1,-1478,0,40,39,0
37,4,257237,15,4,10,5,4,1,0,0,46,39,0
30,1,145887,0,2,3,4,1,1,0,0,54,39,1
36,2,65544,9,4,10,0,4,1,834,0,40,1,1
34,2,287699,8,2,8,1,4,0,0,0,40,39,0
30,2,185959,14,4,10,4,4,0,0,0,40,39,0
31,4,391210,9,4,14,0,4,1,0,0,40,39,0
30,2,64783,2,0,1,5,3,1,-508,0,40,39,0
35,0,273549,1,4,4,2,4,1,0,0,18,39,0
46,4,178245,2,2,4,4,1,0,2715,0,39,39,1
30,7,180741,9,4,9,1,4,1,0,0,40,39,1
30,5,179885,9,4,12,3,4,1,-627,0,40,39,1
29,7,398552,15,4,9,0,4,0,0,0,69,39,0
43,4,125611,7,2,12,1,4,0,0,0,33,39,0
30,4,70086,5,4,5,0,4,0,0,0,14,39,0
45,4,152589,13,0,3,4,4,1,0,0,18,39,0
21,4,137519,15,2,7,3,4,1,0,0,17,39,0
30,7,132488,9,2,11,0,4,1,0,0,47,39,0
45,2,288058,6,2,3,0,4,0,0,0,40,39,0
46,4,392578,6,2,12,3,4,0,0,1994,22,39,0
29,4,71918,9,4,3,0,4,0,0,0,53,39,0
36,0,116496,15,2,4,2,4,1,-2214,0,53,27,0
35,6,361069,5,4,4,4,4,1,0,0,40,39,0
45,1,270909,8,4,3,0,4,1,0,0,45,39,1
20,6,260669,3,2,10,0,1,1,0,0,58,23,0
45,4,129653,9,3,10,1,4,0,0,0,54,39,0
20,7,183310,3,2,3,0,4,1,2146,0,19,39,0
33,1,127894,14,2,3,5,4,1,-1376,0,46,39,0
35,2,292422,12,2,4,3,2,1,0,0,40,39,0
36,4,173722,11,2,4,4,4,1,0,0,17,39,1
44,6,65263,9,2,12,0,4,1,0,0,40,39,1
36,6,183672,5,2,5,3,4,0,0,0,55,39,0
29,4,75981,13,2,12,0,2,1,0,0,47,39,0
20,0,69213,14,4,11,0,4,1,0,0,24,39,0
20,4,188098,3,4,9,3,4,1,0,0,48,39,1
34,2,77997,1,2,12,3,4,1,0,0,46,39,0
30,7,66016,12,0,14,1,1,1,0,0,46,39,0
20,0,182808,15,2,0,1,4,1,0,0,32,39,1
46,1,294135,11,4,8,0,1,1,0,0,19,39,0
29,4,122916,7,2,7,0,4,1,0,1882,40,39,0
45,2,274963,5,2,4,4,4,1,0,0,39,39,0
43,7,72423,9,2,14,0,4,1,0,0,18,39,0
20,4,57254,3,2,12,0,2,1,0,0,25,39,1
34,2,271996,13,6,14,0,4,1,3713,0,49,39,0
30,4,176127,13,2,3,0,1,0,0,0,56,39,0
47,1,421678,11,0,10,1,4,0,0,0,40,4,1
31,4,142662,6,2,3,0,4,1,0,0,19,39,0
44,4,275820,4,4,7,5,4,0,0,0,40,39,0
20,6,303021,15,4,14,3,4,1,0,1948,40,39,1
20,7,131978,9,4,13,4,4,0,0,2089,40,39,0
20,4,130585,9,0,4,4,4,1,0,0,40,39,1
29,4,404543,9,0,10,0,4,1,2194,0,47,39,0
43,4,140271,14,2,14,0,4,1,0,0,40,39,0
36,7,143837,15,4,3,0,0,1,0,0,40,39,1
44,4,174572,9,4,1,4,4,1,0,0,46,39,0
45,5,69742,5,2,12,0,4,1,0,0,54,39,0
46,4,244371,14,2,6,3,2,1,0,0,14,39,0
30,2,134656,9,2,11,0,4,0,0,0,69,39,0
44,6,172961,1,4,6,0,4,1,0,1698,40,39,0
21,5,186346,12,2,4,4,4,1,0,0,40,39,1
46,4,138093,9,6,4,1,4,0,0,0,58,39,1
30,1,182804,14,4,5,3,4,1,0,0,25,39,0
30,7,76453,13,2,12,1,4,0,0,0,66,39,0
45,0,257964,10,2,14,1,4,0,0,0,46,32,0
46,4,406148,3,1,1,0,4,1,0,0,15,39,0
37,7,180653,9,2,11,3,4,1,0,2085,55,39,0
34,6,70058,10,0,7,0,4,0,0,0,40,39,0
31,4,418086,9,2,5,2,2,1,0,0,18,39,0
20,6,66946,3,5,8,0,0,0,0,0,40,39,0
44,1,137673,9,4,6,1,4,1,0,0,55,39,0
20,4,284744,10,2,0,3,4,1,0,0,40,39,0
35,1,184349,11,2,4,0,4,1,0,0,40,39,0
29,6,182693,14,4,6,0,2,1,0,0,40,35,0
20,4,181199,7,2,12,4,4,0,0,0,40,39,0
29,2,77667,10,2,4,0,4,0,0,0,40,39,0
35,4,143913,8,2,4,2,4,1,0,0,19,39,0
44,2,384995,9,4,5,4,4,0,0,0,40,39,1
45,4,73226,11,2,12,0,4,1,0,1713,54,39,0
36,4,180023,2,4,14,0,2,1,931,0,46,39,1
36,4,173391,8,0,0,2,4,1,0,0,40,39,0
20,7,181751,11,4,11,0,4,1,0,0,21,26,1
31,0,398429,11,4,12,0,4,1,0,0,47,39,1
30,0,79672,11,4,10,3,4,1,-1879,0,40,39,1
20,1,140032,3,2,4,0,1,1,0,2261,40,39,0
46,5,72972,1,2,9,3,4,0,0,0,34,6,0
36,0,73506,15,4,12,1,4,1,0,0,24,39,0
44,4,121810,0,2,4,3,4,1,1764,0,40,39,0
31,1,123031,9,2,10,1,4,1,0,0,55,39,0
29,4,134245,11,4,14,0,4,1,0,0,45,39,0
35,4,178364,6,2,1,2,2,0,0,0,40,39,0
30,6,416993,15,4,10,4,4,1,0,0,40,39,0
45,6,305174,3,0,3,2,0,1,0,0,40,39,1
30,6,123436,3,4,12,3,4,1,0,0,19,30,1
31,7,134032,6,2,10,0,4,1,0,0,40,39,0
35,7,180693,2,2,9,0,4,1,0,0,22,39,0
35,7,400448,11,2,10,3,3,1,0,0,54,39,0
37,2,293229,14,2,10,5,4,0,0,0,52,39,0
45,7,137898,9,4,9,1,4,1,0,2183,40,39,0
30,7,138290,12,2,3,0,4,0,0,0,33,39,0
28,4,183264,5,5,7,0,4,1,0,0,15,39,0
44,7,177688,7,2,9,1,2,1,0,0,16,39,0
45,2,73473,4,4,7,0,4,1,0,0,55,1,1
20,5,292007,2,2,10,0,4,0,0,0,47,39,0
46,2,140889,15,2,10,3,4,1,0,0,40,39,0
20,6,340379,4,0,6,0,4,0,0,0,40,39,0
36,4,277065,6,2,0,0,4,0,0,0,40,39,0
45,4,181098,2,2,7,1,4,1,0,1788,15,39,0
20,0,147789,9,2,8,0,1,1,0,1853,40,39,0
30,4,70428,13,0,3,1,4,0,0,0,52,39,0
20,4,75262,8,2,3,4,4,1,0,0,47,39,1
30,5,188565,0,4,4,0,4,0,0,0,40,1,1
46,6,200128,8,6,2,0,4,1,0,0,35,19,0
20,4,192489,7,2,10,2,4,0,0,0,35,39,0
20,7,132791,9,0,13,1,4,0,0,0,18,21,0
20,4,184276,6,2,8,0,4,1,0,0,25,39,1
46,4,177199,15,4,4,4,4,0,0,0,55,39,0
20,0,145536,9,4,10,0,4,0,0,0,40,39,0
45,5,69968,2,4,9,0,4,1,0,0,21,39,0
35,4,186747,13,4,7,1,4,1,0,0,40,39,1
20,4,282182,13,4,1,0,4,1,0,0,20,39,0
30,6,74331,2,2,14,4,4,1,0,0,21,39,0
44,4,286452,14,2,11,3,4,0,0,0,40,32,0
36,4,148049,6,2,6,3,4,1,0,0,40,30,0
44,7,188655,4,4,10,0,4,0,0,0,47,39,0
44,6,193392,15,0,7,0,4,0,0,0,40,39,0
35,0,178867,9,0,7,1,1,1,0,0,17,39,0
45,1,137160,11,4,10,1,4,1,0,0,23,39,0
35,2,147672,1,5,3,0,4,1,0,0,40,39,1
30,2,181994,4,4,4,1,4,1,0,0,40,39,1
44,6,135797,6,2,13,1,1,1,2494,0,60,39,0
20,4,73483,8,2,12,3,4,1,0,0,54,39,1
30,1,142113,15,2,9,0,4,0,843,0,40,39,0
45,7,73449,11,4,10,0,1,1,0,1955,45,39,1
21,2,193612,7,4,10,3,4,1,24521,0,40,39,0
31,1,251956,2,2,5,0,4,1,0,1928,47,39,0
44,4,295124,7,2,10,1,4,1,-519,0,40,39,0
30,5,140257,15,4,6,0,4,0,0,0,40,39,0
43,4,269438,2,2,10,2,4,1,0,0,54,39,0
34,4,410578,4,2,1,0,4,0,0,0,56,39,0
31,7,70739,8,4,4,1,2,1,0,0,40,39,0
20,4,290579,7,2,14,4,4,1,0,0,40,39,0
20,7,137341,14,4,1,3,4,1,0,0,18,39,0
44,4,398989,1,2,14,0,4,1,0,0,40,39,0
35,4,64962,6,5,10,0,1,1,0,0,17,39,1
20,1,190632,0,2,1,5,4,1,0,0,20,39,0
35,5,176451,12,1,12,4,2,0,0,0,47,39,0
31,4,82937,9,0,4,1,4,1,0,0,53,39,0
44,4,132254,6,1,10,1,4,0,0,0,40,39,0
30,7,288014,8,2,4,0,4,1,0,0,40,39,0
44,6,66603,0,4,10,1,4,0,0,0,40,39,0
44,0,70273,13,3,1,0,0,1,0,1972,40,39,1
45,5,133361,8,0,3,1,4,1,0,0,40,39,1
20,4,174928,12,2,4,2,4,0,0,0,53,11,0
44,0,277025,14,4,4,3,4,1,-710,0,55,39,0
20,5,288719,6,2,10,0,4,1,0,0,12,39,1
45,1,133994,12,6,4,0,4,1,509,0,40,39,0
35,4,256016,15,2,13,0,4,0,0,0,19,39,1
30,0,290522,9,2,3,1,4,0,0,0,20,39,0
29,4,373326,15,4,3,3,2,1,0,0,51,39,0
36,4,141156,15,4,3,0,1,1,624,0,15,39,1
30,4,62342,15,2,6,0,4,1,0,0,40,39,1
30,1,69039,10,2,14,1,4,1,0,0,51,39,0
30,4,190739,1,2,4,1,4,0,0,0,37,27,1
44,7,150187,9,2,5,0,4,1,0,0,19,39,0
46,7,355984,8,4,3,0,1,0,35114,1610,40,39,0
30,4,179285,11,2,10,1,2,1,0,0,19,39,1
20,6,412842,10,2,1,4,1,1,0,0,40,39,0
30,2,63658,9,4,0,1,4,0,0,0,48,39,0
44,4,409163,15,2,4,1,4,1,0,0,40,39,0
36,4,188699,7,4,6,1,4,1,0,0,45,39,1
30,1,279632,15,2,3,4,4,1,0,0,40,39,0
30,0,63193,2,4,10,4,4,0,0,0,40,39,0
30,0,130124,15,0,6,3,2,1,0,0,40,39,0
45,1,149852,8,2,3,3,4,1,0,0,15,39,1
44,4,79891,0,2,12,0,2,1,0,0,34,39,0
43,4,281078,8,2,3,0,4,1,0,0,40,39,0
20,4,71614,8,2,1,0,4,0,0,0,16,39,0
20,5,181369,4,2,10,3,4,0,0,0,55,26,0
45,2,187925,10,1,1,0,4,1,0,0,19,39,0
34,7,75703,9,2,4,0,4,1,0,0,46,39,1
44,0,427148,9,2,14,0,4,1,0,0,40,39,1
20,0,349934,9,2,3,0,4,0,0,0,52,39,1
30,4,408394,6,5,7,1,2,1,0,0,40,39,0
34,2,184099,9,2,12,5,4,0,0,0,40,39,0
30,6,69490,11,4,10,0,4,1,0,1892,55,39,1
42,6,143578,11,4,10,4,4,1,431,0,40,39,0
20,1,143586,5,5,13,3,4,1,0,0,21,39,1
46,1,65462,2,3,4,1,4,1,-2456,0,40,39,0
30,5,74241,9,4,10,3,4,1,0,0,62,39,1
20,4,71922,5,0,4,1,4,1,0,0,57,39,0
20,4,145482,9,2,7,0,4,0,-85,0,48,39,0
45,4,270956,5,2,3,1,4,1,0,0,63,39,1
30,5,59090,11,4,4,3,0,1,0,0,23,39,1
44,4,135770,1,2,7,1,4,1,1532,0,40,39,0
44,2,147866,9,4,4,3,4,0,0,0,20,39,0
20,1,139578,15,2,10,0,3,1,0,0,40,39,0
30,0,364522,4,2,6,0,4,0,0,0,48,39,1
45,4,170678,8,0,3,3,4,0,0,1651,40,39,0
20,4,180268,7,2,12,0,4,0,1125,0,16,39,0
31,4,139124,3,2,10,5,4,1,0,0,57,39,0
20,4,189680,7,2,3,0,4,1,0,0,35,39,0
20,0,182456,9,2,13,0,4,0,0,0,19,39,0
21,4,435437,15,2,10,0,4,1,0,0,20,39,0
35,0,180387,5,2,4,1,4,1,0,0,53,39,0
20,4,183266,9,2,12,5,4,0,0,0,39,39,1
30,4,176081,15,0,10,0,4,1,0,0,45,39,1
29,1,278447,15,2,1,0,4,1,0,0,40,39,0
20,5,308161,14,2,6,0,1,1,0,0,23,39,0
43,5,61860,5,4,11,3,4,1,0,0,22,39,0
20,4,373661,15,2,0,1,4,1,0,1690,40,39,1
35,5,275162,0,4,3,3,4,1,0,0,55,39,0
20,4,149149,2,2,9,0,4,1,0,0,40,39,0
35,1,368371,12,4,14,1,4,1,0,2282,53,39,0
46,4,181686,11,4,13,0,4,1,0,0,56,39,0
35,4,62605,9,4,1,0,4,1,0,2211,40,39,1
36,7,404474,15,2,6,0,4,0,0,0,40,39,1
35,7,138125,3,4,10,1,4,1,0,0,40,39,0
45,4,187554,0,2,3,0,4,1,-593,1810,45,39,1
45,4,404021,15,3,4,0,4,0,0,2205,22,39,0
46,6,143591,15,2,7,4,4,1,0,0,25,39,0
35,4,66758,5,4,1,0,4,0,0,0,32,39,0
47,2,68064,1,4,1,1,0,1,11843,0,40,39,0
43,6,173682,11,2,7,4,4,1,0,1962,47,39,0
21,5,61869,12,1,7,4,2,1,0,0,15,39,0
20,5,363723,14,2,4,0,4,1,0,0,40,39,0
30,4,70678,13,1,11,0,4,0,0,1902,40,39,0
35,4,179825,12,2,0,0,4,1,0,0,68,39,1
44,2,434899,0,2,8,5,2,1,0,0,54,19,0
29,1,185452,10,2,2,3,4,1,0,0,40,39,0
35,6,296795,5,2,7,2,4,0,0,0,79,39,0
37,4,119418,9,2,13,0,0,1,0,0,40,39,0
34,4,68097,9,2,3,4,4,0,0,0,17,39,0
45,4,69862,15,2,0,1,4,1,0,0,21,39,1
35,0,186023,9,4,9,3,4,1,0,0,47,39,0
35,7,269493,11,6,4,0,4,1,0,0,15,24,0
35,4,403806,9,0,14,3,4,1,0,0,21,39,0
36,2,146627,2,2,14,0,4,1,0,0,17,39,0
34,0,64404,15,2,3,0,3,1,33317,0,40,39,0
30,6,77871,3,2,12,5,4,1,0,0,40,39,0
35,7,270464,5,2,4,3,4,1,0,0,47,39,1
43,4,62064,9,2,6,4,4,1,0,0,40,39,0
29,4,167297,12,2,0,0,4,1,0,0,40,33,0
29,4,132959,14,4,11,1,4,1,0,0,17,14,0
30,7,187396,8,2,4,0,4,0,0,0,40,39,0
20,5,129349,15,2,13,0,4,1,0,0,40,39,0
44,0,184584,0,6,14,0,4,0,0,0,40,39,1
20,2,73745,9,2,1,3,1,1,0,0,40,39,0
35,6,65631,9,4,4,0,2,0,0,0,46,39,1
34,1,185112,14,4,7,2,4,1,0,0,21,39,0
20,7,128738,8,2,4,0,4,1,0,0,40,19,0
44,4,185157,9,2,11,1,4,1,0,0,16,39,0
30,4,382915,0,2,12,0,4,0,3941,0,18,39,0
30,7,70904,15,2,3,1,4,1,0,0,68,39,0
29,7,299785,11,4,10,4,1,0,0,0,40,39,1
30,1,190473,9,0,12,4,4,0,0,0,40,39,0
43,7,387743,14,2,1,1,4,1,0,0,33,39,0
20,2,179862,9,4,6,2,4,1,0,1910,40,39,0
35,0,140314,10,4,4,5,4,0,2002,0,20,39,0
30,4,59739,0,4,3,2,4,0,0,2345,17,39,1
35,1,175210,12,1,10,5,2,0,0,0,40,39,1
30,1,69096,7,2,3,0,4,1,0,0,31,39,0
44,4,189554,10,4,3,1,4,1,0,0,21,39,1
31,2,179417,4,4,8,0,4,1,28412,0,40,39,0
35,2,413229,14,6,9,0,4,1,0,0,40,39,1
34,0,175469,4,2,3,5,4,1,0,0,51,39,0
20,4,64533,9,2,7,0,4,1,882,0,40,39,0
30,4,248871,15,4,8,3,3,1,0,1899,47,39,1
31,5,296108,12,0,10,1,4,0,0,0,40,39,1
30,6,170135,13,2,13,0,4,1,0,0,34,39,0
30,4,144567,2,4,9,0,4,1,0,0,22,39,0
34,7,177777,12,4,3,0,4,1,0,0,40,39,0
20,4,140742,15,2,4,0,4,0,-1172,0,56,39,0
20,4,63742,9,0,7,2,4,0,-359,2097,47,39,0
30,4,191640,9,2,12,1,4,1,0,0,57,39,1
30,5,282114,3,4,12,0,4,1,0,0,40,39,0
30,4,138366,9,2,1,1,4,0,0,1710,40,39,0
20,4,396916,4,4,3,0,0,1,29583,0,40,39,0
44,4,286538,10,3,1,3,4,1,0,0,19,39,0
30,2,183806,13,2,0,3,4,0,0,2100,40,39,0
34,4,130844,8,4,5,1,4,0,0,0,34,39,0
34,4,371923,1,4,10,5,4,1,0,0,40,39,0
31,4,61890,9,5,12,3,4,1,0,0,40,39,0
30,7,370877,15,4,14,0,4,1,0,0,46,39,0
41,4,65208,5,2,10,0,4,1,0,0,40,39,0
45,1,289441,2,0,10,4,4,1,0,0,40,39,0
30,4,176686,9,4,10,3,4,0,0,0,34,39,1
35,1,181166,1,2,14,5,2,1,0,0,40,39,0
20,4,357603,11,2,14,5,4,1,0,0,19,39,1
30,4,143427,8,2,10,0,2,0,0,0,40,39,0
30,4,64853,10,4,4,1,1,0,0,0,40,39,0
36,7,186205,9,3,0,3,4,1,0,0,46,39,0
36,5,174414,9,4,10,0,4,1,0,0,18,39,0
29,5,78374,13,2,4,0,4,0,0,0,10,39,0
30,4,69193,7,2,4,3,4,0,0,0,20,39,0
35,6,61967,11,5,10,4,4,1,17512,0,17,39,0
47,4,71447,11,2,14,3,4,1,0,0,18,39,0
44,7,146805,1,0,10,0,4,1,0,0,17,39,0
46,7,146402,2,4,0,3,4,1,0,0,48,39,1
30,4,176106,9,5,0,2,4,0,0,0,55,39,1
36,6,185109,1,2,4,0,4,0,0,0,40,39,0
43,7,253669,8,2,10,0,4,1,0,0,40,39,1
36,1,269334,8,4,10,2,4,1,0,0,18,39,0
20,4,141208,9,2,10,0,4,1,0,2228,40,39,0
30,2,186810,14,2,1,1,4,0,0,0,21,39,0
35,6,136414,3,4,11,0,4,1,0,0,40,39,1
29,4,262731,9,2,3,3,4,0,0,1929,40,39,0
34,4,68228,9,2,0,1,4,0,1824,0,46,39,0
35,4,142146,8,2,12,0,4,1,328,0,39,39,0
44,2,61120,2,4,13,1,4,1,0,0,46,39,0
31,4,150191,11,2,10,0,4,0,0,0,20,39,0
30,6,78787,15,0,4,5,4,1,0,0,19,39,0
44,6,278505,11,4,10,1,4,0,0,0,24,3,0
45,6,188152,7,2,1,3,4,0,0,0,40,39,0
30,6,278419,15,4,14,4,4,1,0,0,24,39,1
35,7,268810,2,2,1,4,3,1,0,0,40,39,0
44,7,121371,4,0,9,1,4,1,0,0,40,8,0
20,4,173545,10,2,4,0,4,1,0,0,40,39,1
20,1,296940,12,6,7,3,4,1,0,0,40,39,0
45,6,63595,8,4,7,0,4,1,0,0,58,39,0
35,0,184695,13,2,3,0,4,1,0,0,17,39,0
45,4,176402,11,2,13,0,4,1,0,0,47,39,0
20,1,267802,7,4,7,0,4,1,0,0,22,5,0
20,4,334213,13,2,1,0,4,1,0,1850,19,39,0
46,2,287177,2,4,3,3,4,1,0,0,17,39,0
45,5,70618,11,5,0,4,4,0,0,0,18,39,0
45,5,177700,10,2,1,1,4,1,0,0,45,39,0
21,4,69636,0,5,0,3,4,0,0,0,40,39,0
36,0,188031,8,2,4,0,4,1,0,0,46,39,1
30,4,183098,1,4,3,0,4,0,0,2286,40,39,1
21,2,180640,11,4,10,3,4,1,0,1897,22,39,0
45,1,249580,12,2,10,0,4,0,0,0,40,39,0
30,7,191240,0,2,8,0,4,0,0,0,40,24,1
20,1,50761,0,2,1,4,4,1,0,0,22,39,0
44,7,135508,11,5,13,5,4,1,0,0,58,39,0
46,4,62025,9,4,6,0,2,0,0,0,20,39,0
45,0,188963,5,2,10,1,3,1,0,0,22,39,0
30,4,283343,8,4,4,0,4,0,0,0,51,39,1
44,1,183109,0,6,13,0,4,0,0,0,19,39,0
45,4,181206,9,2,10,0,4,0,3256,0,18,39,1
34,4,183025,9,2,11,0,4,0,0,0,40,3,0
45,7,148071,6,2,3,0,1,0,0,0,47,39,0
34,4,184136,13,2,3,3,4,1,0,0,46,39,0
45,7,295707,9,2,7,3,4,0,0,0,40,39,0
31,7,284271,7,2,12,0,4,1,39002,0,40,39,0
21,1,127103,7,4,9,1,2,1,0,0,17,39,0
45,5,77396,2,2,0,1,4,1,0,0,40,39,0
30,4,421355,5,4,10,1,2,1,0,0,18,39,0
35,4,130207,14,2,3,0,1,1,0,0,46,39,0
30,7,304064,13,2,14,5,4,0,0,0,17,39,1
30,4,143247,4,4,12,4,4,0,0,0,17,39,0
30,4,181450,2,2,3,0,4,1,0,2145,33,39,0
35,4,289862,15,2,10,4,1,1,0,0,40,39,0
30,4,139822,6,2,2,0,4,1,0,1918,40,39,0
46,4,140020,9,0,4,0,4,1,0,0,40,39,0
45,0,186588,12,3,10,4,4,1,0,0,48,39,0
20,6,138499,11,2,4,4,4,1,0,0,47,36,0
30,1,433292,9,2,4,1,4,0,0,0,21,39,0
36,5,177967,11,2,10,0,4,1,0,1920,47,39,0
45,7,282269,8,0,9,0,4,0,0,0,40,39,0
44,5,181595,10,4,11,3,4,1,0,0,19,39,1
35,4,69510,5,1,14,1,4,1,0,0,40,39,0
20,1,181660,8,4,3,1,1,0,0,0,40,39,0
45,5,179107,9,2,7,0,4,0,0,0,40,39,0
45,6,194379,10,2,7,1,4,0,0,0,40,39,0
20,4,380724,10,2,4,3,1,1,0,0,21,39,1
30,2,257231,9,5,8,1,4,1,0,0,19,39,0
35,0,136161,6,4,9,0,1,0,-981,0,40,39,0
30,1,275128,2,4,1,5,2,1,0,0,40,39,0
20,6,133306,7,4,4,2,4,0,0,0,54,39,0
29,4,130242,1,0,6,4,2,1,0,0,40,39,1
44,1,184623,6,2,3,4,4,1,0,1883,20,39,1
30,5,74402,4,4,12,1,4,1,0,0,21,39,1
35,7,188230,9,2,10,1,4,0,0,0,34,39,0
43,5,190107,9,4,14,0,4,1,0,0,34,39,0
36,4,77213,2,2,10,0,4,0,285,0,19,39,1
20,4,275343,9,4,1,1,4,0,0,0,20,39,0
29,4,70388,15,2,0,1,4,1,0,0,58,39,0
35,1,306075,7,2,9,0,4,1,0,0,22,39,1
36,1,67936,9,0,2,0,4,1,0,0,22,39,1
45,2,185769,12,4,1,0,4,1,0,0,47,39,1
30,4,61924,15,0,10,0,4,1,0,2058,54,39,0
20,7,138120,6,4,0,0,4,0,0,0,40,39,0
36,4,177842,9,2,4,3,4,0,0,0,47,39,0
20,4,75232,15,2,5,0,4,0,0,0,47,39,0
44,2,188449,5,2,3,1,4,0,2303,0,14,39,0
29,7,192206,8,4,4,4,4,1,0,0,40,39,0
30,2,184299,15,2,1,0,1,0,0,1869,40,39,0
29,4,175927,14,2,12,3,4,1,0,0,40,39,0
30,4,265555,9,2,10,0,2,1,0,0,48,39,0
43,0,183047,5,2,4,0,4,1,0,0,18,39,0
45,4,283058,0,0,14,4,4,1,0,0,33,39,1
36,4,303039,3,2,11,0,2,1,0,0,21,39,1
36,0,390837,9,2,12,0,4,1,0,0,40,39,1
30,2,176092,12,4,4,4,0,0,0,0,54,39,0
43,4,287189,3,2,8,3,4,1,0,0,45,39,0
44,6,73400,15,4,10,1,4,1,0,0,40,39,0
35,2,178255,10,2,6,4,4,1,0,0,48,39,0
46,0,136226,8,2,0,3,4,1,0,0,55,39,0
45,1,134926,15,0,10,2,4,0,0,0,21,39,1
45,4,140242,5,2,12,3,4,1,26535,0,15,39,1
44,7,285902,5,2,10,3,4,0,0,0,40,39,0
20,4,180942,9,2,4,3,4,1,0,0,40,39,1
36,4,76262,15,0,3,1,4,1,0,0,18,39,0
30,4,251866,6,2,11,1,4,1,0,0,40,39,0
44,0,137251,9,1,6,4,4,1,0,0,40,39,0
29,2,178853,15,4,8,3,4,0,0,0,68,39,0
29,2,63552,8,2,10,1,4,1,0,0,17,39,0
45,0,130926,15,4,10,5,4,1,0,0,40,39,0
20,7,395068,15,2,14,1,1,0,0,0,40,39,1
34,6,253916,4,4,10,1,4,0,0,0,18,39,0
30,0,190397,2,2,8,0,4,1,0,0,40,39,0
45,2,139738,3,2,1,1,4,1,0,0,40,39,0
45,4,182946,10,2,4,0,4,1,0,0,21,39,1
35,6,180072,15,2,4,3,4,0,0,0,40,39,0
30,1,280251,2,4,4,1,4,1,0,0,40,4,0
45,4,180047,9,2,4,0,4,1,0,0,16,39,1
36,5,139712,9,2,4,3,2,0,0,0,68,39,0
20,6,68573,10,2,12,4,4,0,0,0,45,39,0
44,7,69156,9,4,12,0,4,0,0,0,40,39,0
36,0,137846,2,2,0,1,4,1,0,0,40,39,1
20,6,380934,11,2,4,3,4,1,0,0,22,39,0
44,7,185617,9,2,12,0,3,1,0,0,46,39,0
30,6,56421,15,4,11,0,2,1,0,0,40,39,0
30,7,73560,5,2,4,1,4,1,0,0,35,39,1
34,6,129736,9,4,7,1,4,0,0,0,56,39,1
30,4,67985,11,2,9,4,4,1,0,0,66,39,0
36,4,168592,9,2,7,3,4,0,0,1919,45,39,0
36,5,133435,5,2,6,2,4,0,0,1695,40,39,0
46,6,174962,6,2,13,0,4,0,0,0,18,39,0
30,2,273792,0,4,4,2,4,1,0,0,40,39,1
36,6,174753,6,4,4,1,4,1,0,0,46,39,0
36,2,149587,9,2,1,1,4,1,0,0,40,39,0
30,5,180122,9,4,13,1,4,1,0,0,40,39,0
20,7,143233,11,2,3,4,4,1,0,0,59,33,0
20,4,128648,15,0,7,0,4,0,0,0,40,39,0
46,2,185374,15,2,10,4,4,1,0,0,40,39,0
46,0,70259,13,2,8,0,4,1,0,0,36,39,0
21,6,123216,0,2,1,2,4,1,0,0,18,39,0
20,1,192819,5,2,1,1,4,1,0,0,23,39,0
44,6,375823,11,2,4,4,1,1,0,0,19,39,0
47,7,67078,4,1,8,0,4,0,0,0,40,39,0
44,1,136810,6,2,4,1,4,0,0,0,40,39,1
45,2,362024,11,2,13,1,1,1,0,0,40,39,0
45,2,250226,1,1,0,0,4,0,0,0,59,39,0
35,0,71701,0,2,6,0,4,1,0,1937,53,39,1
44,4,56053,6,2,4,1,4,1,0,0,20,39,0
20,4,280414,6,4,0,0,4,1,0,0,40,39,0
35,0,192463,9,2,1,0,4,1,0,0,40,39,0
29,6,185171,9,2,0,0,4,1,0,0,40,39,0
30,4,365748,7,2,1,1,4,0,0,0,69,39,0
43,7,129669,6,6,4,3,3,1,0,0,40,39,0
20,1,181941,15,4,9,5,2,1,0,1832,19,39,1
30,4,185827,10,1,11,4,4,1,0,0,40,39,0
46,4,395892,9,6,6,3,4,1,0,0,40,39,1
44,6,61051,11,4,1,0,4,0,0,0,32,30,0
46,0,66297,5,2,3,1,4,1,0,0,40,39,0
30,7,297682,8,2,10,4,4,1,0,2343,24,39,0
20,4,140831,9,6,3,0,4,1,0,0,57,39,1
46,2,241052,15,5,0,1,4,0,0,0,65,39,0
30,4,180660,5,4,12,4,4,1,868,0,19,39,1
46,7,144527,11,0,14,0,4,1,0,0,19,39,1
30,2,182887,9,2,8,1,1,1,0,0,19,39,1
36,4,179436,1,1,0,0,4,0,0,1710,40,39,0
29,4,135496,9,3,8,1,4,1,0,0,40,39,1
30,7,183721,1,4,3,1,4,1,0,0,39,39,1
44,7,275974,12,2,2,3,4,1,0,0,56,39,0
20,6,59708,1,2,1,4,4,1,827,2083,40,39,1
20,4,185750,9,4,0,3,4,0,0,0,16,39,0
44,4,148448,4,2,13,0,4,1,0,0,18,39,0
20,6,70582,11,2,4,0,4,1,0,0,40,39,1
36,4,186731,9,2,10,4,4,1,0,0,22,39,0
30,4,302178,6,4,12,0,4,0,0,0,20,39,0
36,4,422420,13,6,1,1,2,1,0,0,54,39,0
30,4,258189,11,4,3,0,4,1,0,0,48,39,0
35,5,395198,5,6,14,5,4,0,0,0,60,39,0
44,4,186429,5,2,1,3,3,0,0,0,40,39,1
20,4,176573,15,2,8,0,4,0,0,0,47,37,0
43,4,183267,5,4,12,0,4,1,0,0,40,39,0
31,4,142321,9,0,13,0,4,1,0,0,40,39,0
30,1,70602,11,2,13,0,4,0,0,0,40,39,0
35,4,175827,15,2,11,0,1,0,0,0,40,9,0
20,6,144125,9,2,8,0,4,0,0,1888,47,39,0
45,4,72523,9,2,0,1,2,1,0,0,35,39,0
21,4,124086,6,2,0,5,4,0,0,0,40,39,0
30,0,268370,7,2,3,3,2,1,0,0,40,39,0
36,6,182766,10,2,10,3,4,0,0,1928,55,39,1
35,5,174318,8,0,4,1,4,0,0,0,19,39,0
21,2,138188,13,2,1,3,3,1,0,0,40,39,1
46,4,79118,1,2,4,0,3,0,1458,0,16,39,1
30,4,169962,9,6,4,1,4,0,0,2074,40,39,1
36,7,131426,10,6,12,3,1,1,0,0,40,39,0
35,1,181805,13,2,11,4,4,1,252,0,34,39,0
21,7,190911,12,4,14,4,2,1,0,0,55,39,1
30,4,76125,8,2,1,4,2,0,0,0,16,39,0
44,2,259865,2,2,14,0,4,1,0,2079,21,39,0
45,4,70128,5,0,13,1,4,1,0,0,19,39,1
35,6,186493,5,4,0,0,4,1,-2881,0,46,39,0
44,4,59269,9,2,10,2,4,0,0,0,40,39,0
30,5,143643,7,0,1,1,4,0,0,0,40,39,0
45,2,65479,7,2,8,4,4,1,0,0,46,39,0
31,1,179097,9,3,10,2,4,0,-507,0,58,39,0
31,4,406857,12,4,10,0,4,1,0,0,40,39,0
20,0,193832,9,4,14,3,4,1,0,0,40,39,1
35,4,299154,3,2,7,0,4,1,0,0,40,39,1
29,4,131110,13,2,10,0,4,0,703,0,55,39,0
20,4,269446,6,0,12,3,4,0,-383,0,18,39,1
31,1,141851,3,2,1,0,4,0,0,0,40,39,0
45,4,174933,5,2,10,4,4,0,0,0,46,39,0
29,7,79611,6,4,6,0,4,0,0,0,33,39,0
34,7,377190,1,2,7,3,0,0,0,0,46,39,0
46,4,270013,15,2,10,3,4,0,0,0,40,37,1
46,7,258730,2,2,12,0,4,1,0,0,40,39,0
30,4,67542,12,2,0,1,4,1,0,0,40,39,0
45,4,73326,11,4,3,4,4,1,0,0,40,39,0
20,7,73062,5,2,10,4,4,1,0,0,47,39,0
20,4,134833,9,4,4,1,1,1,0,0,40,39,0
29,1,151148,9,4,12,1,4,1,0,0,36,39,0
44,7,144867,12,0,1,3,1,0,0,0,52,39,0
29,7,176973,9,0,2,0,4,1,0,1721,26,39,1
20,2,293730,15,2,12,1,4,1,0,0,12,39,0
30,5,307936,14,4,10,1,4,0,0,0,40,39,1
45,1,172051,12,4,3,4,4,1,326,0,40,39,0
20,4,177070,9,2,4,0,4,1,0,0,57,39,0
29,1,183981,6,0,10,3,4,1,0,1920,40,39,0
35,0,288024,4,4,0,4,2,0,0,0,40,39,0
31,6,174836,10,2,6,0,4,1,0,0,50,39,0
20,7,192513,4,2,8,0,4,1,0,0,40,39,0
21,7,176824,9,2,4,1,4,0,0,0,40,39,0
20,1,182832,6,4,1,2,4,1,0,0,40,39,0
20,2,185511,5,2,0,4,4,0,0,0,21,39,0
30,1,279202,9,4,14,1,4,1,0,0,40,39,0
44,5,178386,2,2,1,0,4,0,0,0,40,39,0
21,6,133639,10,2,14,0,4,0,0,0,15,39,0
35,0,67787,2,2,4,1,4,0,0,0,48,39,0
36,6,379410,15,2,2,0,4,1,0,0,20,35,1
35,5,271826,8,4,13,5,4,0,0,0,39,39,1
35,4,63438,15,2,9,1,4,1,0,0,40,39,0
30,2,69399,1,4,5,4,4,1,0,0,40,39,1
20,6,61150,5,4,9,1,4,1,0,0,23,39,0
20,6,185907,9,2,4,3,4,1,0,0,40,39,0
35,4,420142,9,2,14,0,4,1,0,0,57,39,1
34,7,415522,9,4,0,3,4,1,0,0,19,39,0
46,4,286079,13,2,12,0,4,1,0,0,47,39,0
29,2,188166,13,6,10,1,4,1,0,0,34,39,0
44,7,66036,3,2,4,3,4,0,0,0,32,39,1
20,2,291537,0,2,10,1,2,1,0,0,51,39,0
44,4,408324,0,2,3,5,3,1,0,0,17,39,0
30,1,279972,2,2,10,3,4,1,0,0,40,39,0
30,4,73660,13,2,3,5,4,1,0,0,39,39,0
35,4,276749,13,5,0,1,4,0,0,2123,15,39,0
30,0,71389,14,2,4,3,4,0,0,0,55,39,0
36,4,73924,4,2,14,0,2,1,0,0,23,39,1
44,2,128383,11,2,10,1,4,1,0,0,40,39,0
46,4,70689,12,4,10,0,4,1,0,0,22,39,1
35,2,394006,4,4,10,0,4,0,0,0,55,39,0
35,7,135631,4,2,10,3,4,0,0,0,48,39,0
45,6,183313,6,4,1,0,4,1,0,0,40,39,1
45,4,144801,2,2,5,3,4,1,0,0,16,39,1
21,6,270956,5,0,12,0,4,1,0,0,15,39,1
20,7,64869,6,2,12,3,4,1,0,0,40,39,1
21,6,119669,0,0,13,0,4,1,0,0,40,35,0
46,2,140166,7,2,3,1,3,0,0,0,40,40,0
35,7,288002,2,2,5,0,4,1,0,0,40,39,0
20,6,143999,8,2,12,4,4,1,0,0,24,39,0
35,4,74093,12,2,1,1,4,0,0,1904,40,39,0
20,6,68370,4,6,11,1,4,0,0,0,20,39,0
35,4,279061,3,2,10,1,2,1,0,0,56,39,0
45,7,180560,2,2,10,0,4,0,0,1925,16,34,0
43,5,67797,2,0,12,1,4,1,1062,0,21,24,1
43,6,181050,13,2,7,0,4,0,2979,0,40,39,1
20,7,193745,4,2,5,0,4,1,0,0,40,39,0
20,4,137609,8,2,10,4,4,1,0,0,20,39,1
31,4,388476,15,2,0,3,4,0,0,0,18,39,0
35,7,130883,4,2,0,0,1,0,1291,0,17,39,0
44,4,398075,3,3,13,3,4,1,0,0,40,39,0
37,4,188293,9,0,0,3,4,1,0,0,40,39,0
37,4,66052,15,2,5,0,4,1,0,0,16,11,0
44,4,122077,6,2,5,4,4,1,0,0,39,39,0
30,1,70490,12,2,12,2,4,1,0,0,20,25,0
36,4,184165,11,4,0,3,4,1,0,0,40,39,0
30,1,70724,15,2,0,4,4,1,0,0,16,39,1
45,4,186185,15,4,10,5,4,0,0,0,40,39,0
47,7,260007,11,2,12,0,4,0,0,0,40,39,0
45,1,133461,5,4,14,0,4,1,0,0,46,39,0
35,0,69163,9,2,10,4,4,0,0,0,54,39,0
46,4,183876,11,2,4,0,0,1,0,0,17,39,1
34,7,74417,13,2,4,0,2,0,0,0,19,39,1
29,4,178088,3,5,4,4,4,1,0,0,40,14,0
36,4,117435,14,4,10,3,4,1,0,1678,52,39,1
20,1,374752,7,2,4,0,4,0,0,0,40,39,0
47,4,292395,10,2,14,4,4,1,0,0,18,39,0
20,6,136088,14,2,0,0,1,1,0,1912,40,39,0
19,4,185133,11,2,14,3,4,1,0,2299,53,3,1
20,0,427509,2,2,6,1,4,1,0,0,40,39,0
30,4,72334,10,2,12,5,4,0,0,0,40,39,0
31,4,184935,15,2,0,3,4,0,0,0,52,39,0
45,5,179928,3,4,9,0,4,1,-1715,0,40,39,1
44,2,137276,9,2,0,5,1,0,-2242,0,44,39,1
37,4,253899,10,0,14,3,1,0,4012,0,16,39,0
29,6,293357,9,2,5,5,4,1,0,0,46,39,1
35,7,181202,9,2,5,0,4,1,0,0,51,39,1
35,4,65176,13,2,8,1,4,0,0,0,19,39,0
45,5,187519,2,3,14,0,4,0,0,0,47,39,1
45,7,135911,9,4,10,3,4,1,0,0,47,39,0
45,4,271745,9,5,10,3,4,0,0,1947,35,39,0
20,4,191026,9,2,12,3,4,1,0,0,40,39,0
43,2,140950,9,2,4,5,4,0,0,0,40,39,1
46,1,292183,6,2,9,4,4,1,0,0,40,39,0
30,4,428065,6,4,4,2,2,1,0,0,26,39,0
20,7,264910,15,2,12,1,4,1,0,0,40,39,0
31,6,360775,3,2,4,0,4,0,0,0,35,39,0
46,0,135507,4,2,14,0,4,1,0,0,35,39,0
30,4,75020,9,4,10,0,4,0,0,0,52,23,0
45,2,276801,9,2,3,0,4,1,0,0,40,39,0
20,1,177606,10,4,14,3,4,1,2135,0,21,39,0
20,4,68703,9,2,10,0,4,1,0,0,40,39,0
45,6,278086,10,2,3,0,4,1,0,0,40,39,0
21,4,67808,13,4,4,0,4,0,0,0,40,39,0
30,4,170055,15,0,10,0,4,0,0,0,56,39,0
20,4,133921,9,5,5,1,4,1,0,0,40,31,0
20,1,72423,14,2,8,1,4,0,0,0,24,35,0
30,2,143576,0,5,4,1,4,1,0,0,55,39,0
45,7,363559,12,4,0,0,4,1,0,0,54,39,1
20,2,130599,7,0,10,0,2,1,0,0,13,39,0
29,7,295625,15,2,10,0,4,0,0,1905,17,39,0
20,6,357809,11,4,4,0,4,1,0,0,40,39,1
30,7,371044,13,4,5,0,4,0,0,0,46,39,0
35,0,183068,1,2,3,4,4,1,0,0,54,39,1
36,7,129796,4,2,14,0,4,1,0,0,44,39,1
43,4,63221,10,2,6,1,1,1,0,0,40,39,0
44,2,131703,14,2,0,0,4,0,0,0,40,39,0
20,4,70264,3,3,3,3,2,1,0,0,40,39,0
45,4,257499,2,2,5,3,4,1,0,0,48,39,0
35,6,134906,13,2,11,3,4,0,0,0,40,39,0
43,4,132427,11,4,12,0,4,1,0,1941,40,39,0
20,4,287552,10,2,10,5,4,1,0,0,40,39,0
21,5,304457,12,2,8,0,4,1,0,0,15,39,1
36,7,180095,5,2,7,3,4,0,0,0,40,39,1
36,4,78555,9,2,12,5,4,0,0,0,47,39,0
30,7,133870,3,2,14,1,4,0,0,0,33,1,0
44,4,61936,7,4,4,1,4,1,122,0,12,39,0
30,6,63217,9,4,10,0,4,1,0,0,40,39,1
42,4,144544,6,2,10,1,4,1,0,0,45,39,0
44,6,63812,6,0,3,3,1,1,0,0,40,39,0
34,1,146425,7,5,6,0,4,1,0,0,40,39,0
30,1,289010,15,2,8,0,4,1,0,2327,40,39,0
30,6,68363,4,0,8,2,4,1,0,0,40,39,0
30,4,129024,3,4,8,1,2,1,0,0,40,39,0
21,2,146701,11,2,13,0,4,1,0,0,56,39,0
35,4,144903,8,0,0,2,4,1,0,0,20,39,0
45,7,385250,13,2,9,5,1,0,0,0,47,39,0
43,0,263686,5,2,7,0,4,1,0,0,32,39,0
35,6,287984,6,2,14,0,4,1,-147,0,18,39,0
36,2,73301,11,2,10,0,4,0,0,0,22,39,0
29,2,71158,12,2,14,4,4,1,0,2109,33,39,0
29,6,182322,7,2,10,0,4,0,0,0,26,39,0
29,4,317692,9,2,1,0,4,0,0,2255,40,39,0
44,7,284027,9,2,8,0,4,1,0,2231,40,39,0
30,7,254022,12,0,4,0,4,0,-1566,0,40,39,0
34,7,147438,15,0,4,0,4,0,0,0,57,39,0
29,0,67643,2,2,0,3,4,0,0,0,14,39,0
20,1,258173,15,2,3,0,4,0,0,0,45,39,0
36,6,136400,13,2,3,0,4,1,0,0,40,39,0
20,6,178255,1,4,0,0,4,1,0,0,20,39,0
30,7,179455,5,4,4,1,4,0,0,0,47,39,0
44,1,178785,2,2,3,2,4,1,0,0,53,39,0
30,6,134400,1,2,9,0,4,0,0,0,20,39,0
35,4,127360,11,4,0,1,0,1,1459,0,40,39,1
45,4,180912,9,2,8,0,4,1,0,0,32,39,0
30,7,69928,5,2,4,1,4,0,856,0,47,39,0
45,2,73809,3,2,10,4,4,1,985,0,66,39,0
34,7,286634,1,4,12,3,2,1,0,0,45,39,0
20,4,297336,5,4,2,0,4,0,0,0,54,9,0
44,5,277678,5,2,3,3,4,1,0,0,34,39,1
45,2,187398,12,2,3,2,4,1,0,0,57,39,0
43,4,261338,15,2,1,3,2,1,0,1925,40,39,0
46,7,173722,0,1,10,0,0,0,0,0,19,39,0
31,5,176323,7,4,9,1,4,0,253,0,53,39,0
20,7,278803,1,2,14,3,4,0,0,0,48,39,0
45,2,274919,5,2,3,1,0,0,21198,0,40,39,1
20,7,139120,9,4,7,3,4,1,0,0,40,39,0
21,6,182214,7,2,3,0,4,1,0,0,40,39,0
20,4,147570,4,4,3,0,4,0,0,0,40,39,0
30,1,189099,15,2,4,3,4,1,0,0,40,39,1
35,4,65725,11,2,4,0,4,1,0,1912,21,25,0
35,4,259207,11,2,4,0,4,0,0,0,32,39,0
45,1,141250,14,2,10,1,4,1,0,0,19,39,1
30,5,258197,9,4,2,0,4,1,0,0,40,39,0
36,4,183561,9,4,4,5,2,1,0,0,40,23,0
46,7,280909,4,2,1,4,4,1,0,0,65,39,0
45,5,59709,9,5,10,0,4,1,0,0,40,39,0
45,4,147776,0,4,1,1,4,1,0,1755,24,39,0
35,4,183139,10,2,2,3,2,1,0,0,56,39,0
35,4,182788,9,2,4,0,4,1,0,0,40,39,0
30,1,255440,13,2,7,3,2,1,0,0,52,39,0
44,4,173644,7,4,8,4,4,1,0,0,39,39,0
44,4,162236,14,2,5,0,4,1,0,0,40,39,1
35,0,276570,4,4,6,1,4,0,0,0,18,39,1
35,4,186273,14,4,10,3,4,1,0,0,35,39,0
44,4,293546,9,4,12,3,4,1,0,0,21,39,0
30,5,299218,9,0,10,1,4,1,0,0,40,39,1
30,2,135204,11,2,5,3,4,1,0,0,34,39,1
45,6,138388,10,0,3,1,4,1,0,0,40,39,1
45,0,145680,10,4,1,0,1,1,0,0,47,39,0
46,2,135919,14,4,14,0,4,1,0,0,40,39,1
20,4,69980,5,2,4,1,4,0,-634,0,14,39,0
20,4,281420,0,2,10,5,4,1,0,0,16,39,0
30,1,73981,10,2,0,0,4,1,0,0,22,39,0
45,4,148669,5,4,3,3,4,0,31206,0,21,39,1
42,2,174720,9,4,12,3,4,1,0,0,40,39,0
30,2,69728,1,2,9,0,4,0,0,0,19,39,1
30,6,375792,5,2,10,1,4,0,0,0,40,39,0
20,1,412506,10,6,12,3,4,0,0,0,40,39,0
44,4,179047,6,2,13,0,4,1,0,0,18,39,0
20,1,300854,6,6,6,0,4,1,0,2158,48,39,0
43,4,284061,8,4,10,3,4,1,0,0,53,39,0
46,4,74016,8,4,3,3,4,1,0,0,40,39,0
20,6,258782,9,3,10,1,2,1,0,0,40,39,1
20,0,189849,15,2,10,1,2,0,0,0,40,39,1
44,5,184156,15,4,8,0,2,1,0,0,40,39,0
45,2,178759,15,1,3,5,4,1,0,1891,40,39,0
31,6,74486,0,4,13,0,0,1,0,0,22,39,0
20,7,67862,7,4,10,0,2,0,0,0,25,39,0
20,0,279801,5,2,3,4,4,1,0,0,40,39,0
47,4,184022,9,3,10,4,4,0,0,0,40,39,0
45,7,59649,11,2,5,0,4,0,0,0,61,39,0
20,5,182927,8,2,1,2,4,1,0,0,21,39,1
45,6,62957,2,2,4,0,4,0,0,2374,16,39,0
30,4,188030,2,6,10,4,4,1,0,1906,40,39,0
46,6,183095,9,2,1,3,4,0,0,0,40,39,0
45,7,181772,5,4,7,4,4,1,0,1923,55,20,1
45,7,180296,13,2,1,0,4,1,0,1990,18,39,0
45,2,409084,9,4,1,1,3,1,0,0,46,39,1
30,1,66074,5,2,10,0,4,0,-1371,0,17,39,1
36,1,133586,3,3,13,0,4,1,0,0,40,39,0
45,6,190399,7,1,2,0,3,1,0,1918,23,39,0
31,1,129294,7,2,11,0,2,1,0,0,40,39,0
35,6,75306,2,2,3,0,4,0,0,0,40,39,1
20,5,414392,9,0,10,0,4,0,0,0,20,39,0
45,2,65736,11,4,11,3,4,0,0,0,54,39,0
36,7,291456,2,6,0,0,4,1,0,0,16,39,1
34,7,250284,3,2,7,3,4,1,0,0,17,39,0
44,7,187793,5,4,10,3,4,1,0,0,40,39,1
34,7,283981,9,2,10,2,4,1,0,0,13,39,0
42,7,143907,14,2,6,0,4,1,0,0,20,39,1
34,5,189720,14,2,12,1,4,1,0,0,50,39,1
31,4,409531,5,2,6,3,4,1,3189,0,40,19,0
44,1,274124,4,2,1,0,4,1,0,0,63,39,1
44,1,60626,9,2,4,4,4,0,0,0,17,39,0
30,7,65084,15,4,0,1,4,1,0,1717,18,39,0
45,4,292555,4,2,0,0,4,1,0,0,40,39,0
34,4,137537,11,4,6,1,4,1,1533,0,40,39,1
30,4,71064,9,2,9,2,4,1,0,0,46,39,0
35,7,185809,11,2,4,0,2,0,0,0,21,39,0
34,1,74639,3,2,1,0,4,1,0,1691,54,39,0
45,7,73187,15,4,12,0,4,1,1842,0,46,39,0
30,1,292868,5,4,8,0,2,0,0,0,33,39,0
20,0,67677,9,2,14,0,4,1,0,0,40,39,0
29,2,137492,7,5,13,1,2,1,0,0,40,39,0
20,1,405154,9,4,8,0,4,1,0,2088,23,39,0
45,4,143724,10,4,10,0,4,0,0,0,40,39,0
20,6,183294,9,6,6,5,4,1,0,0,24,39,0
44,4,131968,10,0,5,5,4,1,0,0,47,39,0
30,4,421051,11,2,12,0,4,1,0,0,46,39,0
31,4,286797,5,2,14,0,0,1,0,0,17,39,0
20,4,141617,10,2,10,3,4,0,0,0,15,39,0
44,2,129653,3,4,1,3,4,0,0,2139,33,39,1
46,5,277913,4,2,3,0,4,1,0,0,40,39,1
30,4,181841,2,0,10,0,4,0,0,0,21,39,0
43,4,369903,12,2,6,2,4,0,0,0,23,39,0
35,1,137567,3,4,14,0,4,1,0,0,17,39,0
37,7,65336,6,0,10,3,4,1,0,0,23,39,0
20,6,278727,14,4,14,0,4,0,80,0,32,39,1
45,4,142152,13,2,7,1,4,0,0,1994,40,39,0
31,2,176742,11,2,0,3,1,0,0,0,40,33,0
46,4,178319,11,4,12,0,4,1,0,0,46,39,1
35,4,138424,8,6,3,0,4,1,0,0,40,39,0
46,6,386711,6,2,4,5,1,1,397,0,40,39,0
30,7,140858,7,6,1,0,4,0,0,0,40,39,0
35,1,62247,4,2,4,0,2,0,0,0,54,30,1
35,4,289915,13,4,3,4,4,1,0,0,71,39,0
45,7,127289,14,2,10,1,4,1,0,1788,23,39,0
30,4,71396,9,2,14,3,2,1,0,0,65,39,0
36,6,180404,5,2,10,1,4,0,0,0,40,39,0
30,4,62507,10,2,7,1,4,1,0,0,15,39,0
20,6,178204,4,4,7,0,4,1,0,0,16,39,0
20,0,73653,2,2,10,0,4,1,-292,0,40,39,1
30,7,63501,13,2,14,1,4,1,0,0,21,24,1
44,2,176751,7,2,14,1,4,1,0,0,17,39,0
20,0,146145,9,4,4,0,4,1,0,1885,40,39,0
43,4,284114,7,4,11,4,3,1,0,0,35,39,0
20,4,139544,11,2,10,0,4,0,0,0,21,39,0
46,2,143783,8,2,13,1,2,0,0,0,22,39,1
34,7,176521,11,4,1,0,4,0,0,0,17,39,0
43,4,295193,2,4,9,3,4,1,0,2130,18,39,0
44,2,69011,5,2,12,4,4,0,0,0,35,39,0
45,1,284730,15,2,7,0,4,0,0,0,47,39,0
45,4,130696,13,5,1,3,4,1,0,0,53,39,0
20,5,142876,2,6,8,0,4,1,1326,0,47,39,1
36,4,276042,9,4,1,4,4,0,0,2317,40,39,0
21,4,138461,8,2,1,0,4,1,0,0,15,31,0
44,2,279010,9,2,4,0,1,0,0,0,16,39,0
44,4,187453,9,4,12,0,4,1,0,0,48,39,1
20,5,68802,7,4,14,4,4,0,0,0,21,39,0
43,4,64505,10,2,1,3,4,0,0,0,17,39,0
46,6,137365,9,2,10,5,4,1,0,0,22,39,0
30,2,124474,13,2,10,4,4,1,0,0,40,39,0
30,7,178863,8,4,7,2,4,1,0,0,34,39,0
45,4,178576,10,2,0,0,4,1,0,0,46,39,1
44,6,280956,4,4,4,0,2,1,31801,0,40,39,0
46,7,192548,15,2,4,2,1,1,0,0,51,39,0
46,7,284229,6,0,10,3,4,0,0,0,40,39,0
21,7,282214,2,2,6,4,4,1,0,0,40,39,0
35,4,76062,9,2,1,0,4,0,0,0,40,39,0
44,4,178794,3,2,4,5,4,0,0,0,18,39,1
36,4,126593,11,2,3,0,4,1,0,0,46,39,0
45,6,62501,6,4,4,1,4,1,0,0,33,39,0
34,1,140122,9,2,7,4,1,0,0,0,63,25,0
20,4,174520,15,4,7,3,4,1,0,0,40,5,1
30,7,144982,9,2,4,5,4,1,0,0,40,39,0
30,7,129808,1,4,3,4,4,0,0,1839,40,39,0
20,4,146849,9,2,6,1,2,1,0,1881,19,39,0
29,2,70136,8,2,7,4,4,1,0,0,40,39,1
30,7,379574,4,4,7,4,1,1,0,0,45,27,0
46,4,120946,5,2,1,4,1,1,0,0,40,39,0
20,6,66139,11,2,12,1,4,1,0,0,48,39,1
30,0,69299,3,2,10,0,4,1,0,1963,22,39,0
21,5,303626,14,3,1,0,4,0,0,2296,40,39,0
35,0,78007,11,2,7,1,4,1,0,0,22,39,1
30,2,265334,1,2,4,0,4,0,0,0,40,39,0
35,6,290253,10,4,0,0,4,1,0,0,17,1,1
35,6,144439,12,2,0,1,4,1,2240,0,40,39,1
37,7,284622,2,5,4,4,4,1,0,0,31,39,0
30,4,135782,5,3,10,0,4,1,0,2180,36,39,0
21,4,149180,10,6,3,1,4,1,2592,0,49,39,0
20,4,174955,9,2,1,1,4,1,0,0,46,39,0
44,4,139937,3,2,10,1,4,1,0,0,20,39,1
20,5,69167,12,2,11,1,4,1,0,0,63,39,0
45,5,248835,9,2,3,0,4,1,0,0,24,39,0
44,4,390008,11,4,4,0,4,1,0,1746,54,39,0
43,4,138308,14,2,12,0,1,1,0,0,40,39,0
45,2,60812,15,2,5,1,0,0,-2480,2015,40,39,0
31,7,371701,15,2,4,1,4,1,0,0,40,39,0
45,5,304175,10,4,10,0,4,1,0,0,17,39,0
44,2,184230,2,0,10,3,4,1,0,0,40,39,0
43,6,73166,13,2,6,0,4,1,0,0,40,39,0
35,6,405181,9,4,12,0,4,1,0,0,40,39,0
20,4,129155,9,5,8,2,4,1,0,0,40,39,0
45,5,189649,12,2,14,0,4,1,0,0,45,39,0
30,1,182405,6,2,12,1,4,1,0,2125,17,39,0
45,1,379403,11,3,4,3,4,0,0,1937,21,39,1
36,4,137143,3,4,10,1,4,0,0,1924,40,39,1
36,4,239379,15,2,2,4,4,1,0,0,40,39,0
43,4,282413,14,2,4,1,4,1,0,0,40,39,0
30,4,344759,15,2,0,4,4,0,0,0,21,39,0
44,2,296005,5,2,2,0,4,0,0,0,15,39,1
35,2,63658,13,4,12,0,1,0,0,0,12,39,0
35,4,398847,15,3,7,4,4,1,0,0,16,39,0
44,6,399361,14,2,13,5,1,0,0,0,54,16,1
44,6,334655,2,5,7,4,4,0,0,0,40,39,0
47,4,456522,13,2,10,0,0,1,0,0,21,39,1
45,1,191542,9,2,4,0,4,0,0,0,47,39,1
31,4,286653,8,5,3,3,4,0,0,1972,40,39,0
30,4,266194,15,2,14,0,4,1,0,0,19,39,1
44,7,384877,4,4,6,0,1,0,0,0,22,5,0
30,1,129169,12,4,13,1,4,1,0,0,40,39,0
43,1,267116,12,2,4,0,4,1,0,0,19,39,0
36,7,188125,6,2,4,1,1,1,0,0,17,39,0
30,4,280126,11,2,4,3,4,0,0,0,33,39,0
20,6,278147,9,2,14,5,4,0,0,2246,33,39,0
30,1,72094,2,4,0,4,4,0,0,0,46,39,1
35,1,174156,8,5,13,4,4,1,0,0,48,37,0
45,2,141241,15,2,4,0,4,1,0,0,55,39,0
30,4,281185,7,6,9,0,4,1,0,0,19,39,0
44,0,280082,11,2,10,0,4,1,0,0,40,39,0
45,6,275773,12,4,10,0,4,1,0,0,40,39,0
35,7,273620,10,4,7,0,4,1,0,0,40,39,0
30,7,73558,9,5,10,0,1,1,0,0,48,39,0
44,7,127457,6,2,8,0,4,1,0,0,17,39,0
46,6,135413,0,5,7,0,4,0,0,0,40,22,1
20,5,272978,5,2,3,1,1,1,0,0,34,39,0
46,7,183745,11,4,0,3,4,1,0,0,40,39,0
36,7,183837,4,2,8,0,2,1,0,0,56,39,0
44,4,277706,5,2,4,0,4,1,0,0,40,39,0
30,4,260459,2,2,10,0,4,0,0,0,40,39,0
35,4,185720,1,4,0,0,4,1,0,0,19,39,1
30,0,302231,10,6,10,4,4,1,0,0,16,39,1
45,7,67914,15,2,10,0,4,1,0,0,40,39,0
29,1,64992,9,2,12,1,4,1,1118,0,58,39,1
20,6,178010,14,4,4,0,2,1,0,2235,12,39,0
30,7,72530,9,5,3,0,4,1,0,0,23,39,0
29,4,181878,5,2,10,0,4,1,0,0,20,39,0
30,4,178831,9,2,6,3,4,1,0,0,40,25,0
34,7,381513,9,2,7,0,4,1,0,0,54,39,0
35,1,69162,4,5,6,1,0,1,0,0,19,39,0
31,1,180874,1,2,1,0,4,0,0,0,40,39,1
21,6,183051,12,2,6,1,4,1,0,0,16,39,1
41,1,196459,6,4,3,0,4,1,0,0,18,39,0
35,4,262270,7,4,3,2,2,1,0,0,54,39,1
34,4,192644,2,3,4,0,4,1,0,0,48,39,1
44,4,181225,1,2,14,1,0,1,0,0,40,39,0
45,6,174806,8,2,7,0,4,0,0,0,47,39,1
30,7,396315,10,3,4,4,4,1,0,0,61,39,1
20,4,137921,3,2,9,0,2,1,0,0,40,39,0
35,6,138927,14,2,8,0,0,1,0,0,40,39,0
45,4,393867,3,2,6,0,4,1,0,0,14,39,0
45,4,188999,8,4,12,3,4,0,0,0,52,39,0
46,2,145660,0,2,4,1,4,1,312,0,35,39,0
30,4,131621,11,5,12,1,4,1,0,0,40,39,1
34,1,70880,15,2,3,0,4,1,0,0,47,39,0
30,6,137841,1,5,3,0,4,1,0,0,40,39,0
46,6,180458,4,4,1,2,4,1,0,0,21,39,0
46,4,70284,15,2,3,1,4,1,0,0,14,39,0
36,5,395978,11,2,1,0,4,1,0,0,40,39,1
29,4,254177,3,2,10,4,4,0,0,0,19,39,0
21,1,72539,13,2,0,1,4,1,-236,0,32,39,0
45,0,138593,0,2,9,3,4,1,0,1881,39,39,0
20,4,185919,15,2,3,0,2,1,2642,0,56,39,0
43,4,65238,7,2,3,1,4,0,-654,0,40,39,0
30,4,445840,1,5,0,0,2,0,0,0,47,39,0
20,4,65109,13,5,4,0,4,0,0,0,40,39,1
44,0,145863,15,4,13,0,0,1,0,0,53,39,1
21,2,179156,4,2,8,3,4,1,0,0,40,39,0
34,7,139967,10,2,0,3,4,1,0,0,33,39,1
20,0,194625,13,0,11,0,4,1,0,2171,59,39,1
20,2,139416,12,2,7,1,4,0,0,0,52,39,0
30,6,66791,6,4,5,1,4,0,0,0,23,39,0
20,6,271075,14,4,7,0,4,1,0,0,40,39,0
29,7,69406,4,4,3,1,2,0,0,0,40,39,1
20,4,138798,9,2,6,1,4,0,0,0,46,39,1
31,4,176270,2,2,0,0,4,1,0,0,40,39,0
31,7,182138,9,4,7,3,2,1,0,0,21,39,0
30,1,72259,2,1,10,1,4,0,0,0,40,39,1
34,2,174855,11,4,14,2,2,1,0,0,40,39,1
30,7,399460,9,6,4,1,4,1,0,0,40,39,0
46,7,195544,4,4,10,3,4,1,0,0,40,39,0
34,2,126746,4,2,14,4,4,1,0,0,40,39,0
44,4,179806,7,0,13,1,4,1,0,0,40,39,0
46,4,184538,15,2,8,0,4,1,0,0,32,39,0
44,2,266913,15,2,4,0,0,1,0,0,40,39,0
46,4,131168,5,2,0,1,4,0,0,0,18,39,1
35,4,286304,0,4,13,1,4,1,0,0,40,39,0
21,6,427640,2,2,3,5,2,1,0,2117,40,39,0
30,4,180573,8,4,4,2,4,1,0,0,40,39,0
35,4,170142,9,4,10,5,2,1,0,0,40,39,0
45,4,74148,14,4,14,0,4,1,0,0,40,39,0
46,4,288855,15,4,5,3,2,1,0,0,40,6,1
45,4,184032,10,0,10,0,4,0,0,0,40,39,0
20,7,412053,14,6,7,3,2,1,0,2126,22,39,0
36,4,300337,10,2,10,0,4,1,0,0,40,39,0
45,7,75175,6,2,8,3,1,1,0,0,20,39,0
35,1,67598,3,2,7,1,4,1,0,0,40,39,0
34,4,61177,4,4,1,2,4,1,0,0,24,39,1
36,1,178757,9,4,1,1,0,1,0,0,40,39,0
31,7,278594,13,4,1,3,4,1,0,0,16,39,0
35,5,185998,13,4,5,1,4,1,0,0,14,39,0
36,4,234027,1,0,10,1,4,1,0,0,12,39,0
43,6,177894,10,6,6,3,4,0,0,0,40,39,0
35,6,282986,9,0,10,3,4,1,0,0,40,39,1
20,2,181366,14,4,4,4,4,1,0,0,39,39,0
30,4,63414,14,2,1,3,4,1,0,0,40,39,0
21,1,186017,2,2,8,0,4,1,0,0,40,39,0
21,7,172845,0,2,14,1,4,1,0,0,47,39,0
36,6,149179,12,2,10,1,4,0,0,0,40,39,0
20,4,64721,5,4,9,0,1,0,0,0,40,39,0
20,4,71298,4,4,12,1,4,1,1541,2021,40,39,0
46,4,192131,8,2,3,3,1,0,0,0,55,39,1
20,4,187469,9,4,8,0,4,1,0,2165,46,39,0
46,1,181805,15,2,3,0,4,0,0,0,40,39,1
36,7,278196,1,5,14,1,3,0,0,0,40,39,1
45,1,192843,9,2,13,4,4,0,0,0,40,39,0
34,7,66466,7,0,6,0,3,1,0,0,47,39,0
35,4,65157,8,4,6,3,4,1,-1249,0,65,39,1
20,4,178627,12,2,3,0,4,1,0,0,40,39,0
43,0,141176,9,2,13,0,4,0,0,0,20,39,0
44,1,139136,7,2,13,1,4,0,0,0,40,39,0
46,4,67250,4,2,12,3,4,0,0,0,47,39,0
45,4,177026,3,4,4,4,4,1,-427,0,45,39,0
30,7,134915,10,2,7,2,4,1,0,0,40,39,0
43,4,134806,5,4,3,2,4,0,0,0,40,39,1
29,0,130022,10,2,7,0,4,1,0,0,40,39,0
36,7,126705,5,2,6,3,4,0,0,0,40,39,0
45,5,187914,14,6,10,0,2,0,0,0,40,39,0
44,4,290829,15,1,6,2,4,1,0,0,17,16,1
31,1,142872,12,2,7,0,1,1,-1392,0,40,39,1
35,4,182275,9,2,10,0,4,1,-83,0,63,39,0
44,7,140928,11,2,12,1,4,1,0,0,11,39,0
29,0,56025,7,5,10,3,4,1,0,0,40,39,1
36,4,278411,0,2,4,1,4,0,0,0,40,39,0
30,7,280696,12,2,12,2,4,0,0,2176,47,39,0
35,6,408025,15,2,3,3,4,1,0,1771,40,39,0
36,4,170514,10,3,4,3,4,1,0,0,40,39,1
20,4,136340,8,2,3,0,4,1,0,0,40,39,1
35,4,134914,9,2,13,0,4,0,23035,1913,39,39,0
44,4,63659,15,2,3,0,4,0,0,0,33,39,1
42,4,173746,5,2,0,1,4,0,0,0,14,39,0
30,7,71615,12,4,12,0,4,1,0,0,58,39,0
46,4,370900,0,4,6,1,3,1,0,0,40,39,0
20,4,252503,5,4,9,3,4,1,0,0,40,39,1
37,5,254011,14,4,10,3,4,1,0,0,40,39,0
20,0,182425,12,2,9,0,4,1,0,0,20,39,0
30,5,154123,10,6,8,0,4,1,0,0,17,39,0
29,4,140500,7,2,11,5,4,1,0,0,40,39,1
36,6,64517,3,2,10,1,0,0,0,0,40,39,1
45,4,262867,9,2,12,0,1,1,0,0,40,39,1
44,4,303639,11,2,10,5,4,1,0,0,40,39,0
30,2,304939,12,4,12,0,4,0,0,0,32,39,0
35,7,181532,6,3,6,0,4,1,0,0,40,39,0
46,4,64199,6,2,14,1,4,0,0,0,40,39,1
31,1,73080,3,4,3,0,4,1,0,0,40,31,1
30,1,72356,4,0,6,0,4,1,0,0,17,39,1
20,6,140002,1,2,4,0,4,1,0,0,40,39,1
20,6,166380,12,2,9,5,2,0,0,0,12,39,0
44,4,394507,14,1,10,0,4,0,0,0,19,39,0
36,1,185732,12,4,12,1,4,1,0,0,54,23,0
30,5,381216,9,4,4,2,4,1,0,1724,40,8,1
29,4,73294,7,4,1,1,4,1,0,0,40,39,0
29,4,75249,14,4,6,0,4,1,0,0,40,39,0
20,6,135822,6,2,10,1,4,1,0,0,40,39,1
30,7,138708,0,4,0,0,4,1,0,0,40,3,0
35,4,371086,3,2,12,0,4,1,0,0,20,39,0
30,4,67410,9,4,12,0,2,1,0,0,40,39,0
45,4,133712,15,2,10,5,4,1,26937,0,40,39,0
35,2,126867,13,4,10,1,4,1,0,0,47,39,0
35,4,140222,4,2,3,0,4,0,0,0,48,39,1
35,6,420061,10,4,11,1,4,1,0,0,17,39,1
20,4,128718,13,4,0,3,2,1,0,0,40,39,0
35,6,57971,9,2,7,1,4,1,0,0,17,39,0
44,0,180584,9,2,12,0,4,1,0,0,40,39,1
30,7,144053,15,4,1,1,4,1,7,0,51,39,0
47,0,63320,5,2,1,0,4,0,0,0,55,39,1
47,7,145187,3,2,11,1,4,1,0,0,40,39,1
20,4,136225,0,4,3,1,4,1,0,1620,17,39,1
21,1,298046,2,2,5,3,4,1,-672,0,22,39,0
21,4,82127,9,2,1,4,4,0,0,0,40,39,0
30,4,188460,13,2,1,4,4,1,0,0,67,39,0
30,1,187988,2,2,1,1,4,1,0,0,33,39,0
44,0,127148,4,2,1,0,1,1,0,0,40,8,0
34,5,178959,5,2,1,3,0,1,0,0,53,39,0
20,0,71300,9,2,3,3,4,0,0,0,16,39,0
44,0,184441,14,4,1,0,4,1,0,0,61,39,1
20,4,282415,9,2,10,1,4,0,0,0,18,39,0
20,5,148996,14,2,4,3,4,1,0,0,40,39,0
44,6,184702,10,4,14,0,4,1,0,0,34,35,1
35,6,77800,15,2,10,1,4,1,0,0,45,39,0
35,1,74166,2,4,4,1,4,1,0,0,17,39,0
44,4,174298,15,2,6,4,4,0,0,0,23,39,0
35,4,58461,12,2,4,0,4,0,0,0,32,39,0
29,1,130885,15,2,0,3,4,0,1430,1883,46,39,1
46,5,279548,13,2,1,1,4,0,0,0,31,39,0
20,4,143499,9,2,12,3,4,1,0,0,23,39,1
20,6,183064,12,4,6,0,4,1,0,0,25,39,0
45,5,175935,9,2,1,4,2,1,0,0,40,39,1
35,7,185385,0,2,12,0,4,0,0,0,40,39,1
34,6,70400,3,2,6,0,4,1,919,0,46,39,1
45,4,157211,10,4,10,0,4,1,0,0,71,39,0
20,0,70508,11,6,10,1,4,0,0,0,20,39,0
30,4,144427,3,0,1,0,4,0,0,0,40,39,0
20,1,353104,9,2,7,1,4,1,0,0,17,39,0
45,4,275788,6,0,6,5,4,1,0,0,46,39,0
44,4,68448,9,2,3,0,4,0,0,0,21,39,0
44,4,137059,9,2,12,4,4,1,28030,2180,55,39,1
36,7,192096,9,4,12,0,4,1,0,0,40,39,0
37,4,71235,4,6,3,0,4,1,0,0,60,39,1
36,1,181691,2,2,14,0,3,0,0,0,48,39,0
29,4,281298,3,4,10,3,4,0,0,0,16,39,0
45,6,272537,10,2,12,0,4,1,0,0,47,39,0
20,1,175102,9,2,3,0,4,0,0,0,21,39,0
36,2,189326,8,2,5,4,4,0,0,0,40,39,1
31,1,274156,1,2,7,0,4,1,0,0,34,39,0
31,1,410567,14,2,10,2,1,0,0,0,40,39,0
30,7,189460,15,4,3,0,4,1,0,0,16,39,1
30,4,293038,13,2,0,3,4,0,0,0,15,39,0
35,4,63334,15,0,7,3,4,1,0,0,40,39,0
45,4,287149,8,2,4,0,4,0,0,0,55,39,0
20,4,70358,9,4,3,5,4,0,0,0,33,5,0
35,4,128466,9,4,3,0,4,0,0,0,40,39,0
43,1,133864,9,2,3,0,4,0,0,0,19,39,0
20,6,305536,11,2,1,0,4,0,0,0,40,39,0
45,2,134623,6,4,3,4,4,1,0,0,53,39,1
35,2,65673,12,2,12,5,4,0,0,2092,40,39,1
45,4,344808,13,2,10,3,4,0,0,0,40,39,0
36,4,62924,12,2,1,5,4,1,-231,0,40,39,1
34,6,183591,7,4,9,3,4,0,0,0,40,39,0
36,2,71072,7,2,6,0,4,0,0,0,33,39,0
45,4,179910,4,2,9,0,4,1,0,0,48,39,0
30,1,180609,14,2,3,0,4,1,0,0,47,24,1
35,1,263015,9,2,0,4,4,1,0,0,40,39,0
45,4,182385,10,4,3,0,4,0,459,0,40,39,1
20,4,63910,10,2,10,3,4,0,0,0,40,39,0
