age,workclass,fnlwgt,education,marital-status,occupation,relationship,race,gender,capital-gain,capital-loss,hours-per-week,native-country,income
25,4,226802,1,4,7,3,2,1,0,0,40,39,0
38,4,89814,11,2,5,0,4,1,0,0,50,39,0
28,2,336951,7,2,11,0,4,1,0,0,40,39,1
44,4,160323,15,2,7,0,2,1,7688,0,40,39,1
18,0,103497,15,4,0,3,4,0,0,0,30,39,0
34,4,198693,0,4,8,1,4,1,0,0,30,39,0
29,0,227026,11,4,0,4,2,1,0,0,40,39,0
63,6,104626,14,2,10,0,4,1,3103,0,32,39,1
24,4,369667,15,4,8,4,4,0,0,0,40,39,0
55,4,104996,5,2,3,0,4,1,0,0,10,39,0
65,4,184454,11,2,7,0,4,1,6418,0,40,39,1
36,1,212465,9,2,1,0,4,1,0,0,40,39,0
26,4,82091,11,4,1,1,4,0,0,0,39,39,0
58,0,299831,11,2,0,0,4,1,0,0,35,39,0
48,4,279724,11,2,7,0,4,1,3103,0,48,39,1
43,4,346189,12,2,4,0,4,1,0,0,50,39,1
20,7,444554,15,4,8,3,4,1,0,0,25,39,0
43,4,128354,11,2,1,5,4,0,0,0,30,39,0
37,4,60548,11,6,7,4,4,0,0,0,20,39,0
40,4,85019,10,2,10,0,1,1,0,0,45,0,1
34,4,107914,9,2,13,0,4,1,0,0,47,39,1
34,4,238588,15,4,8,3,2,0,0,0,35,39,0
72,0,132015,5,0,0,1,4,0,0,0,6,39,0
25,4,220931,9,4,10,1,4,1,0,0,43,29,0
25,4,205947,9,2,10,0,4,1,0,0,40,39,0
45,6,432824,11,2,3,0,4,1,7298,0,90,39,1
22,4,236427,11,4,1,3,4,1,0,0,20,39,0
23,4,134446,11,5,7,4,2,1,0,0,54,39,0
54,4,99516,11,2,3,0,4,1,0,0,35,39,0
32,6,109282,15,4,10,1,4,1,0,0,60,39,0
46,7,106444,15,2,4,0,2,1,7688,0,38,39,1
56,6,186651,1,6,8,4,4,0,0,0,50,39,0
24,6,188274,9,4,12,1,4,1,0,0,50,39,0
23,2,258120,15,2,11,0,4,1,0,0,40,39,0
26,4,43311,11,0,4,4,4,0,0,0,40,39,0
65,0,191846,11,2,0,0,4,1,0,0,40,39,0
36,2,403681,9,2,10,0,4,1,0,0,40,39,1
22,4,248446,4,4,9,1,4,1,0,0,50,13,0
17,4,269430,0,4,7,1,4,1,0,0,40,39,0
20,4,257509,11,4,3,3,4,1,0,0,40,39,0
65,4,136384,12,2,10,0,4,1,0,0,50,39,1
44,5,120277,8,2,12,0,4,1,0,0,45,39,1
36,4,465326,11,2,5,0,4,1,0,0,40,39,0
29,4,103634,1,2,8,0,4,1,0,0,40,39,0
20,7,138371,15,4,5,3,4,1,0,0,32,39,0
28,4,242832,8,2,10,5,4,0,0,0,36,39,1
39,4,290208,5,2,3,0,4,1,0,0,40,26,0
54,4,186272,15,2,14,0,4,1,3908,0,50,39,0
52,4,201062,1,5,9,1,2,0,0,0,18,39,0
56,5,131916,11,6,4,1,4,0,0,0,50,39,0
18,4,54440,15,4,8,3,4,1,0,0,20,39,0
39,4,280215,11,0,6,3,2,1,0,0,40,39,0
21,4,214399,15,4,8,3,4,0,0,1721,24,39,0
22,4,54164,11,4,8,1,4,1,14084,0,60,39,1
38,4,219446,6,3,4,1,4,1,0,0,54,26,0
21,4,110677,15,4,1,3,4,0,0,0,40,39,0
63,4,145985,11,2,3,0,4,1,0,0,40,39,0
34,2,382078,9,2,4,0,4,1,3103,0,50,39,1
42,5,170721,11,2,4,0,4,1,5178,0,50,39,1
33,4,269705,11,2,6,0,4,1,0,0,40,39,0
30,4,101135,9,4,4,1,4,0,0,0,50,39,0
39,4,118429,15,0,12,1,4,1,0,0,40,39,0
26,4,31208,12,4,4,1,4,0,0,0,40,39,0
33,4,281384,11,4,7,3,4,0,0,0,40,39,0
47,2,171807,11,0,1,1,4,0,0,0,40,39,0
41,4,109912,9,4,8,1,4,0,0,0,40,0,0
41,5,445382,7,2,3,0,4,1,15024,0,60,39,1
19,4,105460,15,4,8,3,4,1,0,0,20,39,0
46,4,170338,11,5,14,1,4,1,0,0,40,39,0
43,4,102606,11,2,12,0,4,1,0,0,48,39,0
55,4,323887,15,2,4,0,4,1,15024,0,45,39,1
46,4,175622,8,2,13,0,4,1,0,0,40,39,0
30,4,229636,11,2,7,0,4,1,0,0,40,26,0
21,4,388946,15,5,6,1,4,0,0,0,40,39,0
46,4,269034,15,2,3,0,3,1,0,0,40,6,0
17,0,165361,0,4,0,3,4,1,0,0,40,39,0
41,4,75012,11,2,7,0,4,1,0,0,50,39,0
69,5,174379,11,2,12,0,4,1,0,0,30,39,0
50,4,312477,11,2,14,0,4,1,0,0,40,39,0
20,4,72055,15,4,1,1,4,0,0,0,40,39,0
45,5,67001,15,2,7,0,4,1,0,0,50,39,0
23,4,213734,9,4,4,1,4,1,0,0,40,39,0
24,4,83141,15,5,8,1,4,1,0,1876,40,39,0
44,5,223881,11,2,3,0,4,1,99999,0,50,0,1
31,6,113752,15,2,3,0,4,1,0,0,50,39,0
43,4,170482,11,5,7,1,4,0,0,0,44,39,0
20,1,244689,1,4,8,3,4,0,0,0,10,39,0
55,4,160631,11,2,12,0,4,1,0,0,56,39,1
24,1,228724,15,4,2,1,4,1,0,0,40,39,0
41,0,38434,12,2,0,5,4,0,7688,0,10,39,1
59,4,292946,9,4,4,1,4,0,0,0,25,39,0
49,1,77443,5,4,8,1,2,1,0,0,20,39,0
33,4,176410,12,2,10,5,4,0,5178,0,10,39,1
59,1,98984,9,0,1,1,4,1,0,0,40,39,0
34,4,198751,12,4,8,1,0,1,0,0,40,39,0
20,4,479296,11,4,6,3,4,1,0,0,40,39,0
25,4,235218,9,4,4,3,4,0,0,0,40,39,0
49,4,164877,0,2,5,0,4,1,0,0,40,39,0
59,4,272087,11,2,14,0,4,1,0,0,40,39,1
20,4,169699,11,4,1,1,4,0,0,0,40,39,0
51,0,189762,15,2,0,5,4,0,0,0,18,39,0
33,4,202191,15,4,1,4,2,0,0,0,35,39,0
22,4,212261,15,4,14,3,2,1,0,0,39,39,0
58,6,301568,6,6,8,1,4,0,0,0,40,39,0
52,2,155233,11,6,1,4,4,0,0,0,28,39,0
36,4,75826,0,5,7,1,4,0,0,0,40,39,0
41,2,201520,11,2,11,0,4,1,0,0,40,39,0
28,4,154236,11,4,14,3,4,1,2597,0,40,39,0
19,4,289227,15,4,6,3,2,1,0,0,16,39,0
18,4,217439,11,4,8,1,4,0,0,0,28,39,0
18,4,179020,11,4,7,3,4,0,0,0,48,39,0
28,4,149624,15,2,3,0,4,1,0,0,40,39,0
29,4,337266,8,2,4,0,4,1,0,0,40,39,1
20,0,30796,11,4,0,3,4,0,0,0,20,39,0
40,4,103541,15,2,6,0,4,1,0,0,40,39,0
26,4,206721,11,4,6,4,4,1,0,0,40,39,0
46,4,96773,11,2,3,0,4,1,0,0,40,39,0
23,4,200967,1,4,8,1,4,0,0,0,24,39,0
44,4,180019,11,3,1,4,4,0,0,0,40,39,0
43,4,179866,9,0,12,4,4,0,0,0,40,39,1
31,2,198770,9,0,10,4,4,0,0,0,60,39,0
18,4,219256,15,4,12,3,4,0,0,0,25,39,0
19,4,248730,15,4,11,3,4,1,0,0,30,39,0
41,4,110732,15,0,13,1,4,0,0,0,40,39,0
41,4,181020,11,0,6,4,4,0,0,0,40,39,0
69,4,183791,11,0,1,1,4,0,0,0,25,39,0
48,1,42972,10,2,10,5,4,0,0,0,40,39,1
28,4,134813,11,4,10,3,4,1,0,0,40,39,0
27,6,115438,11,2,3,0,4,1,0,0,60,21,1
41,4,239296,12,2,10,0,4,1,0,2415,50,39,1
41,4,428420,15,2,1,0,4,1,0,0,40,39,0
24,4,247846,11,4,3,4,2,0,0,0,40,39,0
20,0,334105,11,4,0,1,4,0,0,0,40,39,0
42,5,100793,10,2,10,0,4,1,0,0,41,39,1
57,4,244478,11,2,3,0,2,1,0,0,48,39,0
30,4,142921,7,4,10,1,4,0,0,0,40,39,0
36,4,182863,11,2,12,0,4,1,0,0,60,39,1
49,4,171128,5,2,7,0,2,1,0,0,40,39,0
33,4,145402,11,2,7,5,4,0,0,0,35,39,0
23,4,306309,0,2,5,0,4,1,0,0,40,39,0
46,4,83822,12,2,10,0,4,1,0,0,40,39,0
18,4,262118,15,4,1,3,1,0,0,0,22,11,0
40,4,155972,11,2,4,0,4,1,7688,0,55,39,1
43,5,214503,11,2,4,0,4,1,0,1887,45,39,1
34,4,159303,12,4,10,3,4,0,0,0,30,39,0
47,6,174995,11,6,4,1,4,0,0,0,30,39,0
44,4,26669,8,6,4,4,4,0,0,0,30,39,0
33,4,177727,11,2,12,0,4,1,0,0,40,39,1
55,4,124771,9,2,4,0,4,1,15024,0,50,39,1
19,4,456736,11,4,12,1,4,1,2907,0,30,39,0
28,4,216604,15,4,8,1,2,1,0,0,14,39,0
27,4,221561,1,2,8,5,2,0,0,0,32,39,0
50,4,114564,5,2,7,0,4,1,0,0,20,39,0
22,4,315476,1,4,3,4,4,1,0,0,40,39,0
40,7,67874,9,2,1,0,4,1,0,1887,45,39,1
25,4,126110,15,4,1,3,4,0,0,0,40,39,0
26,2,102264,11,4,3,1,4,1,0,0,40,39,0
22,4,537222,9,4,12,1,4,1,0,0,25,39,0
42,4,113732,15,4,6,4,2,0,0,625,40,39,0
38,5,93225,9,0,4,1,4,1,0,0,40,39,0
55,4,43064,1,2,8,0,4,1,0,0,30,39,0
32,4,136921,11,2,12,0,4,1,0,0,40,39,0
22,4,388885,11,2,3,0,4,1,0,0,45,39,0
29,4,142249,9,4,12,3,4,1,0,0,40,39,0
46,7,56841,12,2,4,0,4,1,0,0,45,39,1
31,4,156493,15,2,4,0,4,1,0,0,40,39,1
58,6,159021,10,2,10,0,4,1,0,0,16,39,1
42,4,190910,11,2,3,0,4,1,0,0,45,39,0
18,4,41879,11,4,6,4,4,1,0,0,25,39,0
58,2,137249,11,0,4,1,4,1,0,0,33,39,0
54,4,236157,11,2,10,0,4,1,0,1887,40,39,1
34,4,189759,12,4,10,1,4,1,0,0,40,39,0
26,4,239877,9,4,1,1,4,0,0,0,40,39,0
61,4,21175,2,2,4,0,4,1,0,0,60,39,0
48,2,67229,12,5,1,4,2,0,0,0,40,39,0
36,4,236391,15,2,4,0,4,1,0,0,45,39,1
24,4,325596,8,2,7,0,4,1,0,0,45,39,0
40,4,83411,15,2,7,0,4,1,0,0,37,39,0
33,5,154227,11,2,12,0,4,1,0,0,50,39,1
37,4,248010,15,2,7,0,4,1,0,1887,40,39,1
34,4,198613,12,4,4,3,4,1,4650,0,40,39,0
56,5,321529,15,2,4,0,4,1,15024,0,40,39,1
28,0,168524,11,2,0,3,4,0,0,0,38,39,1
37,4,203079,9,6,4,1,4,0,0,0,55,39,0
44,4,284652,11,0,12,4,2,0,0,0,40,39,0
64,0,201368,15,2,0,0,4,1,0,0,8,39,0
54,4,59840,11,0,6,1,4,1,0,0,45,39,0
23,4,52753,11,4,7,1,4,1,0,0,50,39,0
34,7,513100,9,3,5,1,2,1,0,0,40,0,0
22,4,199266,11,4,8,1,4,0,0,0,45,39,0
33,4,196385,9,2,4,0,4,1,0,1977,40,39,1
39,4,163205,9,5,10,1,4,1,0,0,50,39,1
47,4,411047,15,0,1,1,2,0,0,0,37,39,0
79,0,48574,5,6,0,1,4,1,0,0,40,39,0
26,4,209440,11,4,10,4,2,0,0,0,55,39,0
31,4,56964,15,0,4,4,4,0,0,0,40,39,0
44,4,299197,15,4,14,1,4,1,0,0,45,39,0
42,5,240628,14,2,10,5,4,0,0,0,50,39,1
19,4,355313,11,4,7,1,4,0,0,0,40,39,0
27,4,132267,11,2,6,0,4,1,0,0,40,39,1
51,2,174861,15,2,11,0,4,1,0,0,40,39,1
28,5,142443,9,2,4,0,4,1,0,0,50,39,0
57,4,26716,9,0,3,1,4,1,0,0,45,39,0
45,2,185588,9,0,10,4,4,0,0,0,40,39,0
50,4,175029,8,2,10,0,4,1,0,0,40,39,1
34,5,34848,9,2,12,0,4,1,0,0,54,39,0
45,4,411273,5,2,3,0,2,1,0,0,40,39,0
73,2,143437,11,2,4,0,4,1,0,0,20,39,0
34,4,357145,9,2,10,5,4,0,0,0,50,39,1
31,4,236861,15,2,12,0,4,1,0,0,55,39,1
19,4,53355,1,4,12,1,4,1,0,0,12,39,0
25,4,29106,15,4,8,3,4,0,0,0,50,39,0
38,1,213274,8,0,3,4,4,0,6497,0,40,39,0
39,4,22463,9,2,14,0,4,1,0,0,40,39,0
23,4,180497,9,4,13,3,2,0,0,0,32,39,0
49,4,37306,11,2,7,0,4,1,0,0,40,39,0
33,1,137814,11,4,8,1,4,1,0,0,32,39,0
21,4,447488,4,4,7,2,4,1,0,0,38,26,0
31,4,220915,8,5,3,1,4,1,0,0,40,39,0
23,4,42251,9,4,4,1,4,0,0,0,45,39,0
34,4,162312,9,2,1,0,1,1,0,0,40,30,0
25,4,77698,11,4,7,1,1,0,0,0,40,30,0
39,4,282951,11,4,3,4,4,1,0,0,40,39,0
52,5,311259,11,2,12,0,4,1,0,0,40,39,1
63,2,65479,6,2,14,0,4,1,7688,0,40,39,1
41,4,277256,15,2,3,0,4,1,0,0,40,39,0
46,4,312088,9,2,10,0,4,1,15024,0,38,39,1
53,2,169719,11,2,4,0,4,1,0,0,40,39,0
25,0,270276,6,5,0,1,4,0,1055,0,40,39,0
77,0,172744,15,2,0,0,4,1,0,0,35,39,0
18,4,96869,2,4,9,3,4,1,0,0,40,39,0
38,4,237943,14,2,10,0,4,1,0,0,50,39,0
55,4,119751,12,4,4,4,1,0,0,0,50,37,0
34,4,236861,11,2,13,0,4,1,0,0,40,39,1
80,6,201092,11,2,8,0,4,1,0,0,30,39,0
34,4,147215,8,0,13,4,4,0,0,0,60,39,0
52,4,152373,15,2,13,0,4,1,5013,0,40,39,0
42,4,227968,11,4,8,4,2,0,0,0,28,14,0
26,4,362617,15,4,12,1,4,0,0,0,40,39,0
31,4,103435,11,2,14,0,4,1,0,0,40,39,0
25,2,281412,11,4,8,3,4,0,0,0,35,39,0
55,6,105239,11,2,3,0,4,1,0,2057,60,39,0
19,4,230165,15,4,8,3,4,0,0,0,12,39,0
62,6,177493,15,2,14,0,4,1,0,0,32,39,0
22,1,104443,15,4,1,3,4,0,0,0,20,39,0
39,0,110342,11,2,0,5,4,0,0,0,50,39,0
35,4,143385,11,2,6,0,4,1,0,0,40,39,0
28,4,107189,11,2,12,3,4,0,0,0,40,39,0
47,4,212944,11,2,14,0,4,1,0,0,70,39,1
44,7,138634,11,2,7,0,4,1,0,0,40,39,0
21,4,99970,15,4,12,3,4,1,0,0,15,39,0
35,4,203717,8,4,3,1,4,1,0,0,50,39,0
24,4,313956,9,2,10,0,4,1,0,0,40,39,1
42,1,177937,9,4,10,1,4,1,0,0,40,0,0
28,4,193868,9,4,13,3,4,1,0,0,50,39,0
21,4,250939,15,4,7,2,4,1,0,0,35,39,0
62,1,57629,15,0,13,1,2,1,4650,0,40,39,0
39,4,281768,11,4,8,1,2,0,0,0,40,39,0
30,7,260782,11,4,8,1,4,1,0,0,40,39,0
72,6,243769,14,4,10,1,4,1,0,1429,20,39,0
50,4,109937,15,2,4,5,4,0,0,0,50,39,0
28,2,134890,12,4,10,1,4,1,0,0,40,39,0
29,4,100293,15,4,10,1,4,0,0,0,40,39,0
26,4,132179,9,4,1,3,4,0,0,0,40,39,0
27,4,116372,12,4,4,1,4,0,0,0,40,39,0
29,4,255412,15,2,6,0,4,1,3103,0,40,39,1
61,0,195789,11,2,0,0,4,1,0,0,40,39,0
29,4,342400,0,2,3,0,4,1,0,0,25,39,0
21,0,65481,15,4,0,3,4,0,0,0,30,39,0
31,4,169085,1,2,12,5,4,0,0,0,20,39,0
25,4,177221,11,2,4,0,4,1,0,0,75,39,0
58,4,65325,0,2,14,0,4,1,0,0,40,39,1
64,4,118944,15,2,4,5,4,0,0,0,40,39,1
46,7,149337,12,4,4,1,4,1,0,0,38,39,0
53,0,237868,11,2,0,0,4,1,0,0,35,39,1
19,4,106183,11,4,8,3,0,0,0,0,35,39,0
42,4,226388,11,0,8,1,2,1,0,0,52,39,0
18,4,220754,1,4,6,3,4,1,0,0,24,39,0
58,5,204021,9,2,3,0,4,1,15024,0,50,39,1
20,4,347391,15,4,11,1,2,1,0,0,60,39,0
35,1,413930,11,2,3,0,4,1,0,0,40,39,1
32,4,174201,11,2,6,0,4,1,0,0,38,39,1
23,4,145917,11,4,6,1,4,0,0,0,25,39,0
31,4,241797,15,0,13,4,4,0,0,0,40,39,0
33,4,265168,9,2,12,0,2,1,0,0,55,39,0
41,4,171234,15,4,7,1,4,0,0,0,48,39,0
22,4,178452,11,4,7,3,2,1,0,0,40,39,0
46,4,157857,15,2,11,0,4,1,0,0,40,39,1
61,1,512864,15,2,14,0,2,1,0,0,40,39,0
30,4,296462,11,4,4,1,2,1,0,0,40,39,0
42,4,171615,11,2,4,0,4,1,0,0,55,39,1
63,4,214071,0,2,6,0,4,1,0,0,40,39,0
26,4,172421,15,2,12,0,4,1,0,0,40,39,0
42,4,195488,0,0,1,4,4,0,0,0,40,39,0
23,4,316841,15,2,8,0,4,1,0,0,40,39,0
25,4,236267,11,4,7,4,4,1,0,1590,40,39,0
30,4,236543,6,2,8,0,4,1,0,0,32,8,1
23,4,318483,11,4,12,3,4,1,0,0,40,39,0
34,6,163756,8,4,5,1,4,1,27828,0,60,39,1
30,4,238186,11,2,7,2,4,1,0,2057,48,39,0
39,4,329980,15,2,3,0,4,1,0,0,40,39,1
30,4,169269,1,4,6,2,4,1,0,1721,38,33,0
38,2,34744,15,0,1,4,4,0,0,0,38,39,0
26,4,98114,11,0,4,3,4,0,0,0,40,39,0
20,4,109667,15,4,6,3,4,1,0,0,16,39,0
37,2,263690,9,4,10,4,2,1,0,0,40,0,0
33,4,147430,11,2,1,3,4,0,0,0,40,39,0
24,4,224238,9,4,1,3,4,1,0,0,40,39,0
42,5,212894,9,2,4,0,4,1,0,0,60,39,1
51,6,136708,11,2,12,0,1,1,3103,0,84,40,0
56,2,38573,7,2,13,0,4,1,0,0,45,39,1
22,4,197200,15,4,6,3,4,1,0,0,40,39,0
52,6,182796,15,2,5,0,4,1,0,0,60,39,0
44,4,184527,9,0,4,4,4,0,4934,0,45,39,1
34,4,145231,11,2,1,5,4,0,4064,0,35,39,0
51,4,43354,15,0,3,1,4,1,0,0,42,39,1
20,0,318865,15,4,0,1,4,1,0,0,40,39,0
19,4,355712,15,4,12,1,4,0,0,0,25,39,0
37,4,98776,9,2,4,0,4,1,0,0,40,39,1
68,4,257557,11,2,7,0,2,1,0,0,40,39,1
22,4,102258,15,0,11,1,4,1,0,0,40,39,0
56,5,170287,9,2,4,0,4,1,0,0,40,39,0
37,4,243409,11,2,3,0,4,1,0,0,40,39,0
52,4,55608,3,2,7,0,4,1,0,0,40,26,0
26,4,248057,11,5,6,3,4,1,0,0,40,33,0
33,4,95530,12,2,10,0,4,1,0,0,50,39,0
45,2,54038,12,0,10,4,4,0,0,0,42,39,0
18,4,161245,1,4,8,3,4,1,0,0,15,39,0
43,6,388725,15,2,5,0,4,1,0,0,60,39,1
64,6,71807,10,2,10,0,4,1,15024,0,50,0,1
18,4,228216,11,4,6,3,4,1,0,0,20,39,0
20,0,303121,15,4,0,3,4,1,0,0,45,39,0
57,4,78020,11,2,3,0,4,1,0,0,40,39,1
41,4,249254,11,0,1,4,4,0,3674,0,42,39,0
34,4,87218,12,2,4,0,4,1,0,1887,50,39,1
19,4,304299,11,4,12,4,4,0,0,0,40,39,0
44,4,196234,6,0,8,4,4,0,0,0,55,6,0
56,4,197875,0,6,8,4,4,0,0,0,40,39,0
36,5,48063,11,2,5,0,4,1,0,0,80,39,0
48,4,253596,9,0,4,4,4,0,0,0,48,39,0
29,4,39257,11,2,14,0,4,1,0,0,40,39,1
33,4,56150,9,4,3,1,4,1,2174,0,40,39,0
31,4,179415,4,2,8,0,4,1,0,0,40,26,0
39,4,252445,12,2,10,0,4,1,0,0,45,39,1
66,4,275918,11,2,4,0,4,1,10605,0,40,39,1
27,4,106562,9,4,10,1,4,0,0,0,50,39,1
39,4,198654,11,0,4,4,2,0,99999,0,40,39,1
59,4,107318,5,2,3,0,4,1,5178,0,50,39,1
26,4,181896,11,4,8,3,4,0,0,0,40,39,0
31,4,106014,8,0,3,4,4,1,0,0,40,39,0
45,0,319993,11,6,0,4,4,0,0,0,40,26,0
23,4,197997,11,4,6,3,4,1,0,0,30,39,0
36,2,173542,11,0,1,4,4,0,0,0,40,39,0
34,4,207564,15,2,8,5,4,0,0,0,12,39,1
32,4,224462,11,2,14,0,4,1,0,0,84,39,1
37,4,123361,9,2,10,0,2,1,0,0,50,39,1
33,4,90409,9,4,12,1,4,1,0,0,45,39,0
50,6,165001,14,2,10,0,4,1,99999,0,80,39,1
32,1,149573,7,4,11,1,2,1,0,0,40,39,0
35,4,249456,9,4,1,3,2,0,0,0,40,39,0
37,4,149898,1,2,3,0,4,1,0,0,40,39,0
44,4,292985,15,0,3,1,4,1,0,0,60,39,0
57,4,50223,15,0,6,2,4,1,0,0,25,39,0
29,2,400074,15,2,4,3,4,0,0,0,40,39,0
55,4,197399,11,2,3,0,4,1,0,0,50,39,1
43,5,209547,14,2,10,0,4,1,0,0,25,39,1
43,4,52433,15,2,12,0,4,1,0,0,70,39,0
45,6,355978,15,2,12,0,4,1,0,0,60,39,1
33,6,48214,12,2,10,5,4,0,0,0,8,39,0
26,4,190873,0,0,8,4,4,0,0,0,40,11,0
23,4,278390,15,2,12,0,4,1,0,0,68,39,0
41,4,203217,5,5,3,1,4,1,0,0,40,26,0
24,4,279175,11,2,3,0,4,1,0,0,40,39,0
47,6,194590,9,2,12,0,4,1,0,0,44,39,0
34,6,198813,11,4,3,3,4,1,0,0,45,39,0
40,4,187294,11,2,4,0,4,1,0,0,40,39,1
28,4,302903,9,2,10,5,1,0,0,1485,40,39,0
24,4,154835,11,4,4,3,1,0,0,0,40,35,0
73,0,73402,15,2,0,0,4,1,0,0,10,39,0
23,4,100345,11,4,3,2,4,1,0,0,15,39,0
43,6,126320,11,2,4,0,2,1,0,0,40,39,1
26,4,142226,9,0,13,1,4,0,0,0,40,39,0
58,6,112076,10,1,4,5,4,0,0,1485,35,39,1
52,4,225339,11,6,1,4,2,0,0,0,35,39,0
29,4,211208,1,2,14,0,4,1,0,0,99,39,1
47,4,200808,1,2,8,0,4,1,0,0,35,4,0
49,4,220618,11,0,1,4,2,0,0,0,37,39,0
40,4,210493,1,6,1,4,4,0,0,0,40,39,0
62,6,369734,11,2,1,5,4,0,0,0,40,39,0
49,4,27898,11,2,4,0,4,1,0,1977,55,39,1
50,4,138193,9,0,10,2,4,0,0,0,50,39,1
31,4,224234,11,4,14,3,2,1,0,0,40,39,0
48,2,188741,12,4,10,1,4,0,0,0,50,39,0
24,4,183772,11,4,3,4,4,0,0,0,40,39,0
41,0,155041,11,4,0,3,4,0,3418,0,40,39,0
37,4,79586,11,5,7,3,1,1,0,0,60,39,0
45,4,355781,9,2,4,0,1,1,0,0,45,24,1
63,0,156158,11,2,0,0,4,1,0,0,16,39,0
36,4,116358,12,2,4,0,1,1,0,0,45,19,0
45,4,59287,9,2,4,0,4,1,0,0,40,39,0
41,4,138868,9,4,12,1,4,0,0,0,40,39,0
26,4,185885,7,4,13,2,4,0,0,0,20,39,0
17,4,40299,1,4,12,3,4,0,0,0,25,39,0
27,4,500068,11,2,8,0,4,1,0,0,36,0,0
43,4,51494,11,2,7,0,4,1,0,0,65,39,0
35,4,179481,11,4,14,3,4,1,0,0,55,39,0
38,4,365907,9,0,1,4,4,0,0,0,40,39,0
26,4,284343,11,4,7,1,4,1,0,0,40,39,0
28,4,204862,15,4,4,3,4,0,0,0,40,39,0
38,4,272476,9,2,10,5,4,0,0,0,24,39,1
36,4,175130,1,0,14,4,4,0,0,0,40,39,0
33,4,118941,11,2,1,5,4,0,0,0,40,39,1
19,4,164339,11,4,6,3,4,1,1055,0,70,39,0
22,0,213291,7,4,0,3,4,1,0,0,25,39,0
42,1,55457,0,2,1,0,4,1,0,0,40,26,0
50,4,280292,0,2,14,0,4,1,0,0,40,39,1
30,4,446894,11,2,6,0,4,1,0,0,30,39,0
37,7,67083,15,2,10,2,1,1,0,0,40,1,0
54,5,159219,14,2,10,0,4,1,99999,0,40,39,1
52,5,168539,9,4,4,1,4,1,0,0,40,39,0
65,4,88145,3,2,6,0,3,1,0,0,40,0,0
33,4,150309,11,0,3,1,4,0,0,0,40,39,0
25,4,122999,15,4,13,2,4,1,0,0,40,39,0
24,4,302195,9,4,12,1,4,1,0,0,45,39,0
26,4,210982,8,5,1,4,2,0,114,0,40,39,0
39,4,177140,11,5,1,1,4,1,0,0,40,39,1
59,4,113838,11,0,8,1,4,0,0,0,40,39,0
29,4,97165,15,4,1,4,4,0,0,0,40,39,0
47,4,104301,1,4,8,3,4,0,0,0,45,39,0
23,0,192028,15,4,0,3,4,0,0,0,35,39,0
64,5,115931,11,2,14,0,4,1,0,0,50,39,0
21,4,147280,11,4,8,3,3,1,0,0,20,39,0
32,4,185433,15,2,1,5,2,0,0,0,40,39,1
26,4,599057,11,4,4,1,2,0,0,0,37,39,0
19,0,50626,15,4,0,3,2,0,0,0,20,39,0
62,6,71467,12,2,10,0,4,1,0,0,40,39,0
32,4,183977,9,2,3,0,4,1,0,0,55,39,1
75,0,26586,0,3,0,1,4,0,0,0,5,39,0
45,6,196858,11,2,4,0,4,1,0,0,60,39,0
31,4,160594,9,2,4,0,4,1,0,1887,50,39,1
32,4,65278,11,2,1,0,4,1,2580,0,40,39,0
24,4,102258,9,2,12,0,4,1,0,0,40,39,0
25,4,196947,9,4,12,3,4,0,0,0,40,39,0
41,6,233150,11,2,4,0,4,1,0,0,60,39,0
18,4,42857,15,4,12,3,4,0,0,0,20,39,0
44,4,118059,10,2,10,0,4,1,0,0,55,39,1
40,4,169262,15,2,4,0,4,1,3411,0,50,39,0
27,4,95108,9,4,10,1,4,1,0,0,40,39,0
23,4,161092,9,4,1,3,4,1,0,0,40,39,0
21,4,345253,15,4,1,1,3,1,2174,0,40,39,0
37,7,111275,11,2,14,0,4,1,0,0,40,39,0
65,6,178878,11,2,5,0,4,1,0,0,48,39,0
43,1,157237,12,2,10,0,4,1,0,0,40,39,1
45,4,155664,11,4,1,1,4,1,0,0,44,39,0
24,7,322658,9,4,4,1,4,0,0,0,40,39,0
24,4,208503,15,4,7,1,4,1,0,0,42,39,0
19,2,223326,15,4,11,3,4,1,0,1721,35,39,0
37,4,20308,9,2,10,0,4,1,0,0,65,39,1
24,4,124751,11,4,1,3,4,0,0,0,35,39,0
34,4,113364,15,2,7,0,4,1,0,0,40,11,0
50,7,196900,11,2,8,5,4,0,0,0,39,39,0
36,4,168170,11,2,3,0,4,1,0,0,40,33,0
39,4,205338,9,2,12,0,4,1,0,0,60,39,0
44,6,98806,5,2,3,0,4,1,0,0,38,39,0
45,7,226452,11,2,8,0,4,1,0,0,40,39,0
32,7,479179,1,4,11,3,4,1,0,0,40,39,0
47,1,471990,12,2,4,0,2,1,0,0,40,39,1
50,4,44728,11,2,7,0,4,1,0,0,40,39,0
32,4,33117,8,2,8,0,4,1,0,0,40,39,0
19,4,264876,11,4,6,3,4,1,0,0,40,39,0
19,0,47235,15,4,0,3,4,0,0,0,20,39,0
28,7,293628,12,0,10,1,4,1,0,0,10,0,0
28,4,193122,11,0,12,2,4,1,0,0,50,39,0
39,1,149347,12,4,10,1,4,1,0,0,40,31,1
21,4,129172,15,4,8,1,4,1,2907,0,40,39,0
73,6,151255,15,6,5,1,4,0,0,0,75,39,0
39,4,98886,5,2,8,0,4,1,4508,0,40,26,0
25,4,238673,15,4,7,1,4,1,0,0,40,39,0
31,4,137991,15,1,12,5,4,0,0,0,20,39,0
51,4,85942,15,0,12,1,4,0,0,0,32,39,0
39,4,85783,9,2,1,5,4,0,0,0,28,39,0
31,4,174789,9,0,6,3,4,1,0,0,40,39,0
21,4,457162,15,4,12,3,2,1,0,0,17,39,0
46,4,176026,9,0,4,1,4,1,27828,0,50,39,1
73,4,88594,11,0,4,1,4,0,0,0,35,39,0
41,4,311101,11,0,3,1,4,1,0,0,40,39,0
20,4,273989,11,4,14,3,4,1,0,0,40,39,0
27,4,370242,7,4,8,1,4,1,0,0,30,39,0
24,4,194630,9,4,10,1,4,1,0,0,35,39,0
20,4,313817,15,2,3,0,4,1,0,0,40,39,0
39,4,195843,8,4,7,3,4,1,0,0,40,39,0
27,4,203160,9,4,6,1,4,1,0,0,28,39,0
33,4,175856,1,2,12,0,4,1,0,0,60,39,0
33,4,75435,11,2,6,0,0,1,0,0,40,39,0
36,7,291676,6,2,3,0,2,1,0,0,40,39,0
55,4,192869,15,2,4,0,4,1,0,0,36,39,0
19,4,124464,15,4,7,3,4,1,0,0,40,39,0
35,4,98776,11,4,4,1,4,1,0,0,60,39,0
34,4,107960,4,4,7,2,1,1,0,0,40,25,0
62,7,312286,14,0,10,1,4,0,0,0,35,39,0
33,6,48520,15,2,3,0,4,1,0,0,40,39,1
39,4,224541,6,2,3,0,4,1,4386,0,55,26,0
36,2,237713,15,2,13,0,4,1,0,0,40,39,0
41,4,309990,9,0,1,4,4,0,0,0,33,39,0
39,6,37019,11,2,3,0,4,1,0,0,60,39,0
38,0,48976,11,2,0,5,4,0,0,1887,10,39,1
18,4,170183,11,4,1,3,4,0,0,0,10,39,0
61,4,142988,15,2,4,0,4,1,15024,0,45,39,1
20,1,163205,8,4,1,3,4,0,0,0,36,39,0
35,6,455379,11,2,14,0,4,1,0,0,65,39,1
27,4,104423,11,4,7,3,4,1,0,0,40,39,0
66,4,104936,0,6,8,4,4,0,0,0,38,39,0
21,4,542610,11,4,14,2,2,1,0,0,40,39,0
20,4,208117,15,4,8,3,4,0,0,0,18,39,0
34,4,105141,15,0,1,3,4,1,0,0,40,39,0
63,4,156120,4,4,9,1,4,0,0,0,50,0,0
20,0,38455,11,4,0,4,4,1,0,0,40,39,0
31,4,213339,11,5,13,1,4,0,0,0,40,39,0
41,4,177989,10,2,10,0,4,1,0,2051,60,39,0
64,7,107732,3,2,5,0,3,1,0,0,45,4,0
32,4,312403,9,4,4,1,4,0,0,0,40,39,0
30,2,176992,11,2,14,0,4,1,0,0,50,39,1
36,6,84294,9,2,5,0,4,1,0,0,72,39,0
22,4,143062,15,4,5,3,4,1,0,0,12,39,0
53,2,139671,15,2,4,0,4,1,0,0,50,39,0
50,4,116814,11,6,1,1,0,0,0,0,40,39,0
36,4,37778,9,2,4,0,4,1,0,0,40,39,0
41,5,240900,1,2,4,0,4,1,0,0,40,39,0
55,4,202652,9,4,4,1,4,0,0,0,35,39,0
38,4,52187,9,2,12,0,4,1,15024,0,50,39,1
28,4,349751,9,4,4,1,2,1,2174,0,50,39,0
24,2,238384,9,4,10,3,4,0,0,0,37,39,0
60,4,209844,15,0,1,2,4,0,0,0,40,39,0
54,4,333301,0,2,8,0,2,1,0,0,40,39,0
27,5,214974,11,2,3,0,4,1,0,0,60,39,0
30,4,113453,12,2,10,5,4,0,0,0,30,39,0
54,4,162238,11,6,14,1,4,1,0,0,45,39,0
44,4,98779,15,2,3,0,4,1,5178,0,40,39,1
52,4,165001,11,2,14,0,4,1,0,0,60,39,1
18,4,78528,1,4,8,3,4,1,0,0,20,39,0
55,4,353881,5,2,14,0,4,1,0,0,50,39,0
35,4,251396,9,2,10,0,4,1,0,0,50,39,1
37,4,178100,9,0,4,1,4,0,0,0,40,39,1
22,4,416165,15,4,1,3,4,0,0,0,40,39,0
45,4,177536,9,2,4,0,4,1,0,0,45,9,1
38,4,203717,9,2,5,0,4,1,0,0,60,39,0
48,4,107231,9,2,10,0,4,1,0,0,40,39,0
35,4,106448,8,2,8,0,4,1,0,0,40,39,0
21,4,196816,8,2,3,2,4,1,0,0,50,39,0
37,6,191342,11,2,3,0,1,1,0,0,60,30,1
18,4,170194,1,4,12,3,4,1,0,0,25,39,0
26,4,113587,0,0,7,3,4,1,0,0,35,39,0
48,5,72425,9,2,3,0,4,1,0,0,50,39,0
51,4,217480,15,5,1,1,2,1,8614,0,40,39,1
52,4,120914,15,2,3,0,4,1,0,0,40,39,0
32,7,33945,9,2,5,0,4,1,0,0,40,39,1
39,6,199753,9,2,8,0,4,1,0,0,60,39,0
51,4,144284,9,2,10,0,4,1,0,0,40,39,1
54,4,53833,9,2,12,0,4,1,0,0,50,39,0
21,4,151158,15,4,10,1,4,0,0,0,25,39,0
43,4,125577,11,5,1,4,2,0,0,0,40,39,0
32,4,242323,15,4,1,3,4,0,0,0,40,39,0
31,7,195181,12,2,10,0,4,1,0,0,35,39,1
73,0,145748,11,2,0,0,4,1,0,0,8,39,0
26,4,341672,15,4,1,2,1,1,0,0,60,19,0
35,4,116369,11,4,3,1,4,1,0,0,40,39,0
73,4,113446,4,2,4,0,4,1,0,0,54,39,1
25,6,121285,9,4,12,1,4,0,0,0,40,39,0
58,6,25124,8,2,5,0,4,1,0,2377,65,39,0
32,4,182274,11,5,8,3,4,0,0,0,37,39,0
28,4,103548,9,2,10,0,4,1,0,0,40,39,0
41,6,38434,12,4,12,1,4,0,0,0,30,39,0
53,6,317313,11,2,3,0,4,1,0,0,48,39,0
49,4,177543,11,5,1,4,4,0,0,0,35,39,0
55,4,139834,9,2,10,0,4,1,0,0,40,39,1
29,4,118478,15,2,1,5,4,0,7298,0,50,39,1
28,6,147951,8,2,5,0,4,1,0,0,80,39,0
44,4,201734,11,2,3,0,4,1,0,0,45,39,0
41,4,198196,12,2,4,0,4,1,0,0,45,39,1
26,4,141876,8,2,12,0,4,1,3103,0,45,39,1
23,4,325179,11,2,12,0,4,1,0,0,40,39,1
37,6,143774,9,2,10,5,4,0,0,0,40,11,1
23,4,152328,9,4,10,3,4,1,13550,0,50,39,1
33,4,479600,15,4,8,4,2,0,0,0,40,39,0
44,4,180599,11,4,3,3,4,1,0,0,40,39,1
21,4,448026,15,4,11,3,4,1,2907,0,30,39,0
36,4,300333,1,2,4,0,4,1,0,0,40,5,0
44,2,184105,9,2,1,0,4,1,5013,0,40,39,0
23,4,202084,11,4,8,4,2,0,0,0,40,39,0
26,4,29515,11,0,4,3,4,1,0,0,40,39,0
32,4,247328,4,4,8,1,4,1,0,0,40,26,0
31,4,188246,15,2,6,0,4,1,0,0,40,39,1
50,2,105788,11,5,4,4,2,0,6497,0,35,39,0
18,5,352640,15,4,1,3,4,0,0,0,20,39,0
49,4,132576,9,2,4,0,4,1,0,0,50,39,1
59,4,128829,11,0,8,1,4,0,0,0,40,39,0
38,4,93140,11,5,7,4,2,0,0,0,28,39,0
50,5,155965,15,2,12,0,4,1,0,0,55,39,0
51,5,335902,15,2,3,0,4,1,0,1672,55,39,0
22,4,158522,15,4,7,3,1,1,0,0,35,39,0
54,4,174806,11,2,7,5,4,0,0,0,40,39,1
37,4,32207,11,4,14,1,4,1,0,0,40,39,0
31,4,43607,9,6,1,4,4,1,0,0,60,39,0
67,7,168224,9,2,4,0,4,1,0,0,40,39,0
43,0,180318,1,5,0,2,4,1,0,0,40,39,0
21,4,311376,15,4,4,2,4,0,0,0,40,39,0
30,4,101562,11,4,1,1,4,0,0,0,40,39,0
32,2,267859,15,2,11,0,4,1,0,0,50,5,0
36,4,86143,8,4,3,3,1,1,0,0,40,39,0
33,2,217304,9,4,1,1,2,1,0,0,40,39,0
37,4,410034,11,2,3,0,4,1,0,0,56,39,0
29,4,293073,14,2,10,0,4,1,7298,0,48,39,1
18,0,39493,15,4,0,3,4,1,0,0,30,39,0
26,4,247425,15,4,12,1,2,1,0,0,40,14,0
51,4,128338,5,2,10,0,4,1,0,0,40,39,0
39,4,189344,11,2,7,0,4,1,0,0,40,26,0
18,4,366154,11,4,8,1,4,1,0,0,30,39,0
52,4,163051,2,2,7,0,4,1,0,1628,40,39,0
31,4,437200,15,2,5,0,4,1,0,0,40,26,0
45,4,323798,9,2,4,0,4,1,7298,0,53,39,1
38,4,182570,15,2,7,0,4,1,0,0,38,39,0
21,4,200318,7,4,12,1,4,0,0,0,35,39,0
33,4,48520,11,5,6,1,4,1,0,0,40,39,0
39,4,130007,15,0,3,4,4,1,0,0,40,39,0
31,4,166248,11,2,7,0,4,1,0,0,40,39,0
43,4,203554,9,2,4,0,4,1,0,1902,50,39,1
64,0,192715,9,2,0,0,4,1,0,1672,10,39,0
33,5,291333,9,2,4,0,4,1,7298,0,45,39,1
49,6,39140,11,2,5,0,4,1,0,0,60,39,0
41,4,266439,11,2,7,0,4,1,0,0,40,39,0
55,6,126840,15,0,7,1,4,1,0,0,40,39,0
52,4,166419,15,0,1,1,2,0,0,0,37,39,0
42,4,287129,9,0,10,1,2,1,0,0,40,39,0
24,4,206827,15,4,1,3,4,0,0,0,30,39,0
42,4,173888,11,3,1,1,4,1,0,0,52,39,0
41,7,253250,9,2,4,0,4,1,7298,0,40,39,1
35,4,337239,11,2,7,0,4,1,0,0,40,26,0
71,0,113445,4,2,0,0,4,1,0,0,10,39,0
54,1,201127,12,0,4,1,4,1,0,0,42,39,1
24,4,403107,4,4,6,2,4,1,0,0,40,26,0
59,0,179078,11,6,0,4,2,0,0,0,40,39,0
30,0,126402,1,4,0,4,2,0,0,0,40,39,0
57,1,223892,9,2,4,5,4,0,0,0,40,39,1
58,7,191318,12,2,4,0,4,1,15024,0,40,39,1
32,4,394708,11,4,8,4,2,1,0,0,40,39,0
22,4,119474,11,4,12,3,4,0,1055,0,25,39,0
20,4,419984,11,0,8,4,4,0,0,0,25,39,0
60,0,164730,9,2,0,0,4,1,0,0,40,39,0
51,4,190678,11,0,10,4,2,0,0,0,40,0,0
26,2,197897,11,4,1,3,2,0,0,0,20,9,0
33,4,286675,1,2,3,0,4,1,0,0,40,39,0
19,4,191986,0,4,12,4,4,0,0,0,40,39,0
50,6,90525,11,2,8,5,4,0,15024,0,20,39,1
32,4,56150,11,2,12,0,4,1,0,0,40,39,0
51,2,248327,9,2,14,0,2,1,0,0,40,39,1
18,4,90860,15,4,12,3,1,0,0,0,20,39,0
35,1,104858,12,2,4,0,4,1,0,0,50,39,1
22,0,228686,15,0,0,3,4,1,0,1602,25,39,0
46,4,196707,11,0,3,1,4,1,0,0,55,39,0
37,4,29430,11,0,12,4,4,1,0,0,45,39,0
45,4,54038,15,2,1,5,4,0,0,1902,20,39,1
63,4,281025,6,2,6,0,4,1,0,0,32,39,0
53,4,258832,11,4,8,2,1,1,0,0,10,30,0
24,4,131220,11,4,1,3,2,0,0,0,40,39,0
65,0,190454,1,2,0,0,4,1,0,0,29,39,0
43,4,315971,7,4,10,1,4,0,0,0,32,0,1
47,4,265097,11,2,7,0,4,1,0,0,40,39,0
41,4,185057,11,4,4,4,4,0,0,0,40,39,0
27,4,169557,11,0,7,1,4,1,6849,0,40,39,0
35,5,333636,11,2,4,0,2,1,0,0,75,39,0
19,4,181652,15,4,1,3,4,0,0,0,24,39,0
47,4,34307,15,5,8,1,4,0,0,0,35,39,0
25,1,198813,9,4,1,4,2,0,0,1590,40,39,0
59,2,240030,14,2,4,0,4,1,0,0,40,39,1
28,4,226089,0,4,7,4,4,0,0,0,40,39,0
17,4,190941,0,4,12,3,4,0,0,0,20,39,0
21,4,160261,15,4,4,3,1,1,2463,0,50,9,0
31,4,208458,11,0,12,4,3,0,0,0,40,26,0
49,4,112761,11,0,6,1,4,0,0,0,40,39,0
48,2,67716,12,2,10,0,4,1,7688,0,50,39,1
60,6,121076,10,0,12,1,4,1,0,0,20,39,0
33,6,182556,2,4,14,1,4,1,0,0,40,39,0
40,4,231348,11,2,3,0,4,1,0,0,40,39,0
42,4,55395,15,2,3,0,4,1,0,0,52,39,0
34,4,344073,11,2,14,0,4,1,5013,0,40,39,0
38,1,318912,8,0,1,3,2,1,0,0,52,39,0
58,6,237546,15,2,4,0,4,1,0,0,70,39,1
20,4,346341,15,4,1,1,4,0,0,0,40,0,0
52,4,305090,15,5,12,2,4,0,0,0,55,39,0
22,2,198478,15,2,11,0,4,1,0,0,40,39,0
24,4,321435,9,2,5,0,4,1,0,0,35,39,1
39,4,259716,11,0,7,4,4,0,0,0,40,26,0
41,4,191547,12,2,4,0,4,1,99999,0,55,39,1
37,0,171482,15,2,0,0,4,1,0,0,30,39,0
56,4,225927,6,2,3,0,4,1,2580,0,40,39,0
21,4,256504,11,4,8,1,4,0,0,0,40,39,0
29,4,168526,11,0,12,4,4,0,0,0,25,39,0
45,4,44489,8,0,8,1,4,1,0,0,10,39,0
44,2,159449,15,2,11,0,4,1,0,0,80,39,1
54,4,387540,12,2,10,0,4,1,0,0,45,39,1
24,4,314819,15,4,3,1,4,1,2174,0,40,39,0
40,4,34722,9,2,4,0,4,1,0,0,50,39,0
43,7,125831,9,4,10,3,4,1,99999,0,60,39,1
20,0,239805,15,4,0,1,4,1,0,0,16,39,0
41,6,264663,1,0,8,1,4,0,0,0,40,39,0
32,4,294121,8,0,1,1,4,0,0,0,40,39,0
31,4,83912,9,2,1,5,4,0,0,0,25,26,0
26,4,241626,11,0,1,1,4,1,0,0,40,39,0
50,7,137815,9,2,3,0,4,1,0,0,40,39,1
62,5,153891,8,2,4,0,4,1,3137,0,40,39,0
24,4,83774,11,2,8,0,4,1,2885,0,45,39,0
58,4,199067,9,0,4,1,4,1,0,0,65,39,1
44,5,57233,15,2,3,0,4,1,0,0,40,39,1
44,4,211517,2,0,8,1,4,1,0,0,40,39,0
37,5,132879,15,2,14,0,4,1,0,0,50,39,1
65,6,72776,5,4,5,1,4,1,2964,0,40,39,0
33,4,54318,11,2,3,0,4,1,0,0,40,39,1
34,0,143582,11,3,0,1,1,0,0,0,37,36,0
56,6,174564,12,2,10,0,4,1,0,0,60,39,1
35,4,179579,12,2,4,0,4,1,0,1977,48,39,1
33,4,187618,9,4,10,3,4,1,0,1741,40,39,0
35,4,186819,9,2,13,0,4,1,0,0,48,39,0
47,6,60087,15,3,4,1,4,0,0,0,60,39,0
35,6,28987,6,2,3,0,0,1,0,0,96,39,0
56,4,187355,15,0,12,4,4,0,0,0,40,39,0
29,5,218555,12,4,10,3,4,1,0,0,40,39,0
53,5,94214,14,2,10,0,1,1,7298,0,50,37,1
42,4,204729,8,5,12,4,2,0,0,0,25,39,0
20,0,281668,15,4,0,2,2,0,0,0,40,39,0
24,4,236696,9,4,13,1,4,1,0,0,50,36,0
33,4,179747,11,2,7,0,4,1,0,0,40,39,0
42,4,187322,0,2,12,0,4,1,0,0,45,39,0
38,7,116975,15,2,11,0,4,1,0,1887,50,39,1
32,4,205950,11,4,7,3,4,1,0,0,40,39,0
20,6,190968,5,4,3,3,4,1,0,0,20,39,0
32,4,160458,11,2,3,0,4,1,0,0,50,39,0
28,2,190911,15,2,11,0,4,1,0,0,40,39,1
51,4,85382,11,2,3,0,4,1,0,0,55,39,1
41,2,129793,11,4,8,3,4,1,0,0,30,39,0
37,2,270181,7,3,8,4,2,0,0,0,50,39,0
23,4,243723,11,2,8,5,4,0,0,0,40,39,0
40,4,168113,11,2,3,0,4,1,0,0,40,39,0
47,4,652784,0,2,7,0,4,1,0,0,40,39,0
46,6,315984,11,2,4,0,4,1,0,0,50,39,0
24,4,311311,9,4,12,1,4,1,0,0,40,39,0
40,4,111336,11,0,7,4,2,0,0,0,28,39,0
30,6,100252,11,2,7,3,1,1,0,0,60,35,0
41,7,186990,14,6,10,1,3,0,0,0,52,39,1
37,7,241633,9,2,1,5,2,0,0,0,45,39,1
49,1,252616,11,2,14,0,1,1,0,0,40,30,0
41,1,46366,9,2,4,5,2,0,0,0,50,39,1
52,2,266138,8,2,4,0,4,1,0,0,35,39,0
23,4,32732,15,4,12,1,4,1,0,0,50,39,0
34,4,361978,11,0,3,4,2,0,1471,0,40,39,0
25,7,77661,9,4,4,1,4,0,0,2444,40,39,1
44,5,60087,11,2,3,0,4,1,0,0,45,39,1
31,2,197550,11,0,10,4,4,1,0,0,33,39,0
53,4,170701,9,0,1,4,4,0,0,0,40,39,0
62,4,159822,11,2,4,0,4,1,0,0,50,39,0
35,4,211494,9,4,4,1,4,1,0,1876,55,39,0
30,1,340899,9,4,10,1,4,1,0,0,40,39,0
48,7,224752,11,2,1,5,4,0,0,0,40,39,1
36,4,102568,9,4,10,1,4,0,0,0,40,39,1
32,4,220690,1,0,8,1,4,1,0,0,33,39,0
22,4,303170,15,4,9,3,4,0,0,0,28,39,0
17,0,143331,1,4,0,3,4,1,0,0,40,39,0
19,4,192162,11,4,10,1,4,0,0,0,40,39,0
26,4,201635,11,4,1,1,4,0,0,0,40,39,0
20,0,55263,15,4,0,3,4,1,0,0,40,39,0
56,7,133728,15,2,4,0,4,1,0,0,35,39,1
45,4,347025,5,6,8,4,4,0,0,0,21,39,0
23,4,110998,15,4,1,3,1,0,0,0,40,30,0
31,4,122347,11,5,6,1,4,1,0,0,40,39,0
30,4,127875,1,4,12,4,4,0,0,0,8,39,0
42,4,167534,11,2,6,0,4,1,5013,0,35,39,0
27,7,152560,14,2,10,0,4,1,0,0,60,39,0
37,4,265144,9,2,4,0,4,1,0,0,50,39,1
31,4,302679,11,4,7,1,4,1,0,0,60,39,0
33,4,290763,9,5,10,1,4,0,0,0,40,39,0
64,4,86837,13,2,6,0,1,1,0,0,40,30,0
32,4,147118,11,0,8,1,4,0,0,0,40,39,0
62,0,103575,11,2,0,0,4,1,5178,0,40,39,1
37,4,169469,15,2,3,0,4,1,0,0,40,39,0
25,4,189334,1,2,14,0,4,1,0,0,40,39,0
49,4,139571,11,2,1,0,4,1,4064,0,40,39,0
36,4,111545,9,2,10,0,4,1,0,1902,40,39,1
67,4,72776,15,2,6,0,4,1,10566,0,15,39,0
54,4,307973,11,2,6,0,4,1,0,0,40,39,1
45,2,211666,10,4,10,1,4,0,0,0,40,39,1
30,4,143766,15,4,3,1,4,1,0,0,40,39,0
39,7,112812,11,2,11,2,4,0,0,0,40,39,0
57,4,43290,0,0,8,1,0,0,0,0,20,39,0
57,4,111385,0,4,8,1,4,1,0,0,40,39,0
23,6,145744,11,2,5,0,4,1,0,0,40,39,0
49,2,126754,11,2,8,2,4,1,0,0,40,22,0
46,7,54260,9,2,10,0,4,1,0,0,10,39,1
41,7,34895,9,4,13,1,4,0,0,0,43,39,0
44,4,166740,8,2,13,0,4,1,0,0,45,39,0
25,4,143062,9,4,8,3,4,0,2463,0,30,39,0
34,2,191957,9,2,3,0,2,1,0,0,45,39,1
24,4,109456,9,4,12,3,4,1,0,0,25,39,0
32,4,198183,9,4,4,1,4,0,0,0,45,39,0
27,2,157449,11,2,13,0,4,1,0,0,50,39,1
67,4,53874,2,2,7,0,2,1,0,0,40,5,0
36,4,191754,11,2,3,0,4,1,0,0,40,39,0
40,4,320071,15,0,4,1,4,1,0,1408,48,39,0
24,4,164574,11,2,14,0,4,1,0,0,40,39,0
46,4,185870,9,2,12,0,4,1,0,1902,40,39,1
44,7,165745,11,0,1,4,4,0,0,0,38,39,0
23,6,40323,15,2,3,0,4,1,0,0,40,39,1
46,4,199378,14,4,10,1,4,1,0,0,90,39,0
31,4,289889,8,4,13,1,4,1,0,0,40,39,0
21,2,152200,15,2,11,3,2,1,0,0,40,39,0
61,4,198231,11,2,3,0,4,1,0,0,40,39,1
71,6,28865,11,2,5,0,4,1,0,0,15,39,0
42,4,26915,9,2,4,0,4,1,0,0,40,39,1
27,0,108926,15,2,0,0,2,1,0,0,5,39,0
21,7,204034,15,4,8,1,4,0,0,0,16,39,0
21,4,243368,13,4,5,1,4,1,0,0,25,26,0
28,2,191088,9,0,10,1,4,0,2354,0,60,39,0
27,2,194515,7,4,10,3,2,0,0,0,37,39,0
32,4,28984,15,4,8,1,4,0,0,2001,25,39,0
47,4,125892,11,0,6,1,4,1,0,0,40,39,0
22,4,37932,7,4,4,1,4,1,0,0,35,9,0
56,4,249751,11,2,13,0,4,1,0,0,40,39,0
20,4,191948,11,2,8,2,4,0,0,0,40,39,0
30,4,97306,15,4,12,1,4,0,0,0,40,39,0
22,4,176178,15,4,8,3,4,0,0,0,25,39,0
28,4,142764,8,2,3,0,4,1,7688,0,45,39,1
50,4,148431,12,2,4,0,4,1,0,0,55,39,1
66,7,148380,11,2,7,5,4,0,1424,0,10,39,0
38,4,314890,15,4,8,1,4,1,0,0,46,39,0
62,4,177493,2,2,4,0,4,1,0,0,30,39,0
36,1,327435,12,0,13,1,4,0,0,0,40,39,1
47,4,275967,0,2,3,0,4,1,0,0,35,39,0
25,4,176520,11,4,13,1,4,1,0,0,40,39,0
26,4,186463,15,2,14,0,4,1,0,0,40,39,0
37,4,50380,1,2,5,0,4,1,0,0,40,39,0
70,6,323987,5,2,3,0,4,1,0,0,8,39,0
52,4,192445,1,2,14,0,4,1,0,0,40,39,0
70,4,142851,6,2,4,0,4,1,0,0,18,39,0
19,7,42750,11,4,11,3,4,1,0,0,40,39,0
23,4,199011,1,4,3,3,4,1,0,0,3,39,0
37,4,98644,9,2,10,5,4,0,0,0,16,0,1
37,4,173963,1,5,12,4,2,0,0,0,40,39,0
45,7,284763,15,0,10,4,2,0,0,0,40,39,0
29,4,108775,9,2,4,0,4,1,0,0,50,39,1
56,6,233312,9,2,4,0,4,1,0,0,20,31,0
50,4,197826,12,2,13,0,4,1,0,0,40,39,0
20,4,123007,11,4,1,2,4,1,0,2001,30,39,0
26,4,264012,9,4,1,1,4,1,0,0,40,39,0
41,5,214247,14,2,10,0,4,1,0,2415,60,39,1
21,4,200121,11,4,6,3,4,1,0,0,40,39,0
48,6,138069,4,2,3,0,4,1,0,2042,50,39,0
22,4,33551,15,4,8,1,4,1,0,0,40,39,0
37,7,89083,7,2,8,0,4,1,0,0,35,39,0
47,4,369438,15,2,3,0,2,1,0,0,30,39,1
61,4,93997,9,0,12,4,4,1,0,0,40,39,0
47,2,169699,12,2,10,0,4,1,0,0,40,39,1
37,4,115429,11,2,3,0,4,1,0,0,25,39,0
46,7,96652,8,5,1,4,2,0,0,0,40,39,0
42,6,103759,11,2,12,0,4,1,0,0,48,39,0
41,4,54422,11,0,1,4,4,0,0,0,40,39,0
33,2,107215,6,2,8,0,4,1,0,0,40,39,0
24,4,194630,9,4,10,1,4,1,0,0,35,39,0
27,4,102142,7,4,13,1,4,1,0,0,40,39,0
40,1,134638,9,2,4,0,4,1,0,0,39,39,0
56,4,46920,0,2,7,0,4,1,0,0,40,39,0
35,1,207973,10,2,10,0,4,1,0,0,55,2,0
24,4,208946,8,4,3,1,4,1,0,0,40,39,0
73,6,252431,15,2,10,5,4,0,0,0,1,39,0
36,4,251730,15,4,12,1,4,1,0,0,50,39,0
31,4,301251,9,2,3,0,4,1,0,0,50,39,1
50,0,137632,11,2,0,0,2,1,0,0,45,14,0
36,4,197274,11,4,6,1,2,1,0,0,40,39,0
37,4,106043,11,2,12,0,2,1,0,0,40,39,1
26,4,195636,9,4,10,1,4,0,0,0,55,39,0
20,4,237956,11,4,11,3,4,1,0,0,40,5,0
58,4,31532,9,2,10,0,4,1,0,0,40,39,1
45,7,276157,9,2,10,0,4,1,0,0,40,39,1
33,0,207668,9,4,0,3,4,1,0,0,40,39,0
31,4,142921,9,4,13,1,4,0,0,0,40,39,0
44,4,217039,14,2,10,0,4,1,99999,0,60,39,1
19,2,259169,15,4,10,3,4,0,0,0,30,39,0
54,4,409173,11,2,13,0,2,1,0,0,50,33,1
31,7,73161,12,2,10,0,4,1,0,1740,40,39,0
27,4,241431,11,2,3,0,4,1,0,0,35,39,0
36,4,151764,15,2,12,0,4,1,5178,0,40,39,1
47,1,131726,15,0,1,1,4,1,0,1876,40,39,0
35,4,334291,9,2,4,0,4,1,0,0,45,39,0
42,4,67243,3,2,1,0,4,1,0,0,55,32,1
45,4,370261,9,0,4,1,4,0,0,0,40,39,0
70,4,573446,11,2,3,0,4,1,1455,0,40,39,0
27,2,189775,2,4,8,3,2,0,0,0,44,39,0
36,4,312206,11,2,10,0,4,1,0,0,60,39,1
23,4,86939,11,3,7,1,4,1,0,0,40,39,0
25,4,221757,9,4,4,1,4,1,0,0,50,39,0
45,6,213140,15,2,3,0,4,1,7688,0,45,39,1
24,4,308673,11,4,6,3,4,1,0,0,30,39,0
90,4,149069,7,2,12,0,4,1,0,1825,50,39,1
50,4,69345,11,2,7,0,4,1,0,1902,44,39,1
37,4,112158,11,2,3,0,4,1,7688,0,99,39,1
31,4,386299,15,4,1,1,4,0,0,0,40,39,0
17,4,61838,1,4,5,3,4,1,0,0,40,39,0
26,4,290286,15,4,1,1,2,1,0,0,38,39,0
41,4,143069,10,2,10,0,4,1,0,0,60,39,0
50,5,145714,11,2,4,0,4,1,0,0,60,39,1
45,6,285570,11,2,14,0,4,1,0,0,80,39,0
54,6,399705,15,2,12,0,4,1,0,0,55,39,1
54,4,186224,11,2,3,0,4,1,0,0,40,39,0
38,4,172918,11,4,7,3,4,1,0,0,40,39,0
22,4,198270,11,2,12,2,4,0,0,0,38,39,0
43,4,307767,11,2,7,0,4,1,0,0,40,39,0
19,0,208630,11,4,0,3,4,0,0,0,30,39,0
30,4,169002,9,2,13,0,4,1,0,0,40,39,1
31,0,186369,6,0,0,4,4,0,0,0,40,39,0
42,4,99203,11,5,3,1,4,1,3325,0,40,39,0
48,4,197836,15,2,7,0,4,1,0,0,40,39,1
56,4,140136,15,2,14,0,2,1,0,0,35,39,1
21,2,402230,15,4,1,4,4,1,0,0,36,39,0
45,4,167159,9,2,3,0,4,1,0,0,40,39,0
37,4,116409,14,2,4,0,4,1,0,0,40,39,1
38,2,105161,9,2,10,0,4,1,0,0,30,39,0
34,4,263908,15,2,12,0,4,1,0,0,50,39,0
29,4,189565,11,0,11,3,4,1,0,0,40,39,0
24,4,224059,11,2,7,0,4,1,0,0,40,39,0
79,0,27457,12,4,0,1,4,0,0,0,23,39,0
35,4,240988,7,4,7,1,4,1,0,0,55,39,0
39,6,41017,0,2,14,0,4,1,0,0,70,39,0
73,6,214498,5,2,5,0,4,1,0,0,12,39,0
57,4,186361,8,4,8,3,4,0,0,0,40,39,0
35,5,165799,9,2,12,0,4,1,0,0,50,39,0
60,4,266983,11,2,6,0,4,1,0,0,32,39,0
19,0,165416,15,4,0,3,2,0,0,0,40,39,0
54,4,226497,11,2,7,0,4,1,0,0,40,39,0
53,6,99516,9,2,3,0,4,1,0,0,40,39,0
23,4,177287,15,4,4,2,4,0,0,0,40,39,0
57,6,27385,15,2,4,0,4,1,0,0,48,39,1
27,6,147452,0,4,12,3,4,0,0,0,48,39,0
25,4,144334,11,4,4,3,2,1,0,0,40,39,0
38,4,217926,11,2,3,0,2,1,0,0,40,39,0
48,4,153312,15,2,12,0,2,1,0,0,60,39,1
24,4,126822,11,4,1,4,4,0,0,0,45,39,0
67,5,51415,15,2,12,0,4,1,0,0,40,39,0
20,4,171886,11,4,8,3,2,1,0,0,35,39,0
38,4,216319,10,2,10,0,1,1,0,0,40,3,1
54,4,279337,5,2,3,0,4,1,0,0,40,39,0
20,6,115085,15,4,5,3,4,1,0,0,40,39,0
57,4,453233,0,5,4,1,4,1,0,0,55,39,0
34,1,400943,9,4,4,1,4,1,0,0,44,39,0
34,4,226883,11,5,3,4,4,1,0,0,49,39,0
80,4,138050,11,3,7,1,4,0,0,0,16,39,0
40,4,204585,11,2,7,5,4,0,0,0,40,39,0
19,2,220558,1,4,6,2,4,1,0,0,35,39,0
35,4,198841,15,2,11,0,4,1,0,0,56,39,0
21,4,67244,11,4,12,4,4,0,0,0,40,39,0
59,2,75785,1,2,8,0,4,1,0,0,40,39,0
53,4,85423,15,2,14,0,4,1,0,0,40,39,1
41,6,134724,8,2,8,5,4,0,3103,0,40,39,1
59,4,109567,11,2,14,0,4,1,0,0,55,39,0
21,0,132053,15,4,0,3,4,0,0,0,35,39,0
52,4,157413,3,0,5,1,2,1,0,0,40,39,0
48,4,238567,4,2,6,0,4,1,0,0,40,26,0
24,4,153133,2,4,7,3,2,1,0,0,40,39,0
49,4,186256,14,2,12,0,4,1,0,0,40,39,1
19,4,260265,11,4,1,3,4,1,0,0,50,39,0
50,4,131819,11,0,8,1,4,0,0,0,40,39,0
39,4,141584,7,2,3,0,4,1,0,0,60,39,1
25,4,245121,11,2,8,5,2,0,0,0,40,39,0
66,4,22502,5,0,8,2,1,0,0,0,40,30,0
30,4,23778,15,4,4,1,4,1,4416,0,40,39,0
49,4,380922,12,2,4,0,4,1,15024,0,80,39,1
40,6,173651,15,2,3,0,4,1,0,0,45,39,0
38,4,191137,0,2,8,0,4,1,0,0,40,39,0
25,4,217006,1,2,3,0,4,1,0,0,40,39,0
51,7,22211,11,0,4,1,4,1,0,0,37,39,1
23,2,57711,9,4,1,3,4,0,0,0,40,11,0
60,6,123190,6,2,4,0,4,1,0,1887,67,39,1
44,4,110028,11,0,12,1,4,1,27828,0,60,39,1
53,6,174102,14,0,10,4,4,1,25236,0,60,39,1
66,6,183249,9,2,10,0,4,1,0,0,20,39,1
18,0,240183,11,4,0,3,4,0,0,0,45,39,0
44,2,49665,8,0,7,4,0,1,0,0,40,39,0
38,4,210438,11,2,7,0,2,1,0,0,40,39,1
30,4,53373,9,2,1,0,4,1,0,0,40,39,1
36,4,295706,11,4,7,1,4,1,3674,0,42,39,0
38,2,273457,15,2,1,0,4,1,0,0,40,39,1
31,1,165949,9,4,4,1,4,0,0,0,45,39,0
26,4,142152,1,4,14,1,4,0,0,0,35,39,0
23,4,189203,15,4,8,1,4,1,0,0,25,39,0
58,7,179089,9,2,1,5,4,0,0,0,40,39,0
44,6,53956,9,2,4,0,4,1,3137,0,40,39,0
59,5,77816,14,2,10,0,4,1,99999,0,40,39,1
36,2,74593,15,2,4,0,4,1,0,0,40,39,0
42,4,196158,15,0,8,1,4,0,8614,0,52,39,1
17,4,28544,1,4,12,1,4,0,0,0,20,39,0
59,2,662460,0,6,10,4,4,0,0,0,15,39,0
22,4,152328,15,4,5,1,4,1,0,0,40,39,0
40,4,120277,9,2,12,0,4,1,0,0,45,39,0
36,4,180278,9,4,10,1,2,1,0,0,40,39,0
19,0,426589,11,4,0,3,4,0,0,0,15,39,0
49,4,111558,11,2,1,5,4,0,0,1977,25,39,1
18,0,243203,15,4,0,3,4,1,0,0,40,33,0
38,6,195686,11,5,4,4,4,1,0,0,25,39,0
48,4,226696,11,2,3,0,2,1,0,0,40,39,0
53,0,118058,11,2,0,0,4,1,0,0,40,39,1
33,4,172237,7,2,12,0,4,1,0,0,46,39,0
34,6,114074,8,6,4,4,4,0,0,0,40,39,0
41,1,171589,12,2,10,0,4,1,0,0,50,0,1
20,0,184271,7,4,0,3,4,0,594,0,20,39,0
58,2,218724,11,6,8,1,4,1,0,0,40,39,0
52,4,134190,0,0,14,4,4,1,0,0,40,39,0
45,2,181964,15,2,10,0,4,1,0,1887,47,39,1
37,4,385330,5,5,8,4,2,1,0,0,40,39,0
48,4,242406,11,2,7,0,4,1,0,0,40,6,0
40,1,107584,9,2,3,0,4,1,0,0,40,39,1
29,4,127892,9,2,12,0,4,1,0,0,45,39,0
33,4,160261,8,2,13,0,1,1,0,0,10,39,0
51,0,285200,11,2,0,0,4,1,2105,0,24,39,0
48,4,153254,11,2,13,0,2,1,0,0,48,39,0
36,6,294672,9,2,4,5,4,0,0,0,40,39,0
31,4,145924,15,0,7,4,4,0,0,0,35,39,0
41,6,280005,15,2,3,0,4,1,0,0,50,39,0
29,1,66893,9,4,10,1,4,1,0,0,40,39,0
20,4,47039,15,4,3,3,4,1,0,0,40,39,0
53,1,36186,9,2,4,0,4,1,7298,0,40,39,1
37,4,159383,11,0,12,4,4,0,0,0,40,39,0
28,4,192010,9,2,8,5,4,0,0,0,35,39,0
27,4,216479,9,4,12,1,4,0,0,0,40,39,0
57,0,274680,13,5,0,1,4,1,0,0,40,39,0
23,4,211345,15,4,1,3,4,0,0,0,40,27,0
25,4,203561,8,2,13,0,4,1,0,0,56,39,1
63,4,170815,15,2,10,0,4,1,0,0,38,39,0
65,6,200565,15,2,12,0,4,1,0,0,18,39,0
77,4,89655,11,6,1,1,4,0,0,0,40,39,0
32,4,234195,11,0,8,1,4,1,0,0,40,39,0
40,4,98466,11,2,3,0,4,1,0,0,40,39,1
67,4,191437,11,6,1,1,4,0,0,0,40,39,0
35,4,77792,11,2,8,5,1,0,0,0,40,0,0
24,2,134181,12,4,10,3,4,0,0,0,40,39,0
53,7,195690,10,2,10,0,4,1,0,1902,50,39,1
37,5,94869,12,0,10,1,2,1,4787,0,40,39,1
44,7,267464,15,5,13,3,2,0,0,0,40,39,0
25,0,257006,1,0,0,4,4,0,0,0,40,39,0
17,4,81010,1,4,12,3,4,0,0,0,20,39,0
47,4,54260,8,2,4,0,4,1,0,1887,60,39,1
62,1,171995,0,2,6,0,2,1,2829,0,40,39,0
39,4,245665,7,0,10,1,4,1,0,0,60,39,0
18,0,35855,1,4,0,3,4,1,0,0,30,39,0
32,7,189838,15,0,10,2,4,0,0,0,40,39,0
25,4,629900,9,2,10,5,2,0,0,0,40,39,1
30,4,84119,11,2,4,0,4,1,0,0,65,39,1
47,4,47343,12,2,4,0,4,1,0,0,50,39,1
40,4,103614,0,0,3,3,4,1,0,0,40,39,0
38,4,303092,11,2,4,0,4,1,0,0,40,39,0
41,7,124520,12,2,10,0,4,1,0,0,40,39,1
21,4,220857,15,4,12,3,4,1,0,0,20,39,0
32,7,247481,7,2,10,0,4,1,0,0,48,39,1
54,4,283281,5,4,3,1,2,1,0,0,50,39,0
31,4,25610,13,4,6,1,0,1,0,0,25,39,0
42,4,13769,8,0,10,4,4,1,0,0,40,39,0
23,4,283969,0,4,6,3,4,1,0,0,40,26,0
18,4,185522,11,4,12,3,4,0,0,0,33,39,0
65,0,173309,5,6,0,1,4,0,401,0,12,39,0
37,4,144005,15,4,12,1,4,1,0,0,50,39,0
53,7,205949,7,0,1,4,0,0,0,0,40,39,0
50,4,158948,11,2,10,0,4,1,0,0,84,39,0
64,4,240357,11,6,1,1,4,0,0,0,40,39,1
55,4,243929,12,2,10,0,4,1,0,0,60,39,0
63,4,201700,9,2,12,0,4,1,7298,0,40,39,1
53,4,208402,15,0,1,4,3,0,4865,0,45,26,0
18,4,120599,1,4,1,4,4,1,0,0,40,39,0
33,4,231826,1,2,3,0,4,1,0,0,40,26,0
62,4,499971,1,6,6,1,2,0,0,0,40,39,0
56,4,227972,12,2,10,0,4,1,15024,0,48,11,1
58,7,299680,12,2,1,0,4,1,15024,0,43,39,1
33,4,231822,0,5,12,4,4,0,0,0,38,39,0
58,4,185459,11,2,14,0,4,1,0,0,45,39,0
44,4,90582,9,2,3,0,4,1,0,0,50,39,1
81,4,184615,5,6,7,4,4,0,1264,0,40,39,0
28,4,173858,11,4,3,2,1,1,0,0,35,3,0
28,4,132326,11,4,1,3,4,1,0,0,40,39,0
43,4,315037,9,2,3,0,4,1,0,0,45,39,1
51,4,175122,11,2,1,5,4,0,0,0,40,39,0
23,4,239577,15,4,10,3,4,1,0,0,52,39,0
48,6,96975,11,5,8,4,4,0,0,0,45,39,0
45,5,61885,9,2,4,0,4,1,15024,0,48,39,1
48,4,185870,0,2,14,0,4,1,0,0,70,39,0
37,7,142282,11,0,8,1,4,0,0,0,16,39,0
34,4,334744,12,2,1,0,4,1,0,0,50,39,1
63,6,201600,15,2,12,0,4,1,0,1902,60,39,1
38,4,34378,5,2,3,0,4,1,0,0,40,39,0
29,4,180271,11,4,13,3,4,1,0,0,40,39,0
33,4,123833,6,2,7,0,4,1,0,0,40,39,0
47,4,213304,4,5,8,4,4,0,0,0,40,8,0
30,4,296538,6,0,5,3,4,1,0,0,30,39,0
35,4,391937,15,2,4,0,4,1,0,0,40,39,0
54,5,175339,9,2,12,0,4,1,0,2415,40,39,1
26,4,60726,12,4,4,1,2,1,6849,0,50,39,0
39,4,191103,11,4,3,1,4,1,0,0,54,39,0
34,7,32174,11,5,8,1,4,0,0,0,40,39,0
55,4,176219,9,2,7,0,1,1,0,0,40,19,0
33,6,294434,8,2,5,0,4,1,0,0,76,39,1
17,4,310885,5,4,8,3,4,1,0,0,36,26,0
27,4,171133,0,4,8,3,4,0,0,0,38,39,0
53,4,162951,6,2,6,0,4,1,0,0,41,39,1
43,4,223934,15,4,1,1,4,0,0,0,40,39,0
22,4,23940,11,4,4,1,1,1,0,0,40,39,0
52,4,88073,9,0,13,4,4,0,0,0,50,39,0
60,4,57371,5,2,3,0,4,1,0,0,40,39,0
55,6,73684,9,2,12,0,4,1,15024,0,65,39,1
39,4,107164,11,2,13,0,4,1,0,0,40,39,1
29,4,120126,9,2,4,0,4,1,0,1848,40,39,1
41,6,54611,11,2,14,0,4,1,7298,0,50,39,1
61,4,131117,11,6,14,4,4,0,0,0,40,33,0
71,1,101676,0,2,1,0,4,1,0,0,40,39,0
20,4,403965,15,4,7,3,4,1,0,0,35,39,0
33,4,177083,9,4,10,1,4,0,0,0,40,2,0
52,4,173987,11,2,1,0,4,1,0,0,40,39,1
40,4,352080,15,2,3,0,2,1,0,0,40,39,1
26,0,102400,11,2,0,3,4,1,0,0,40,39,0
31,2,378426,14,2,10,0,4,1,0,0,99,4,0
42,4,210857,9,2,4,0,4,1,7688,0,50,39,1
63,4,165775,11,2,12,0,4,1,0,0,21,39,0
53,4,295896,1,2,3,0,4,1,0,0,45,39,0
34,7,238944,0,2,3,0,4,1,0,0,40,39,1
48,4,149640,15,5,3,4,4,1,1506,0,40,16,0
67,0,106175,9,2,0,0,4,1,0,0,20,39,1
49,4,191320,11,0,8,1,4,0,0,0,24,39,0
28,2,134771,9,4,10,3,4,0,0,0,55,39,0
51,0,295538,15,2,0,0,4,1,0,0,40,39,0
44,4,120277,14,2,10,0,4,1,99999,0,60,39,1
27,4,82393,11,2,14,0,1,1,0,0,40,30,1
49,4,146121,4,3,7,4,1,0,0,0,20,40,0
34,4,162544,5,4,9,3,4,0,0,0,30,39,0
27,6,216178,9,4,3,3,4,1,0,0,35,39,0
38,6,248694,15,2,3,0,4,1,0,0,36,39,0
24,4,219140,9,4,4,1,4,1,0,0,40,39,0
29,4,360401,15,4,6,3,4,1,0,1719,48,39,0
39,4,319962,11,0,12,2,4,0,0,0,40,39,0
50,4,115284,12,2,3,0,4,1,0,0,40,39,1
42,4,29702,11,2,3,0,4,1,0,0,42,39,1
63,0,107085,11,6,0,1,4,0,0,0,7,39,0
44,7,204361,12,4,4,1,4,0,0,0,40,39,0
58,4,218312,11,0,12,1,4,1,0,0,40,39,0
25,4,182332,15,4,1,1,4,0,0,0,50,39,0
23,4,127876,15,4,8,1,4,0,0,0,35,39,0
20,4,316702,15,4,12,3,4,1,0,0,40,39,0
46,6,292549,15,2,12,0,4,1,0,0,45,39,0
21,4,203178,11,4,12,3,4,0,0,0,35,39,0
63,4,180099,0,5,8,4,2,0,0,0,40,39,0
38,4,154541,7,2,3,0,4,1,4386,0,40,39,1
27,4,95465,15,2,14,0,4,1,0,0,55,39,0
41,4,171839,12,2,8,5,4,0,0,0,50,39,1
43,4,115562,9,2,4,0,4,1,99999,0,50,39,1
39,7,42478,9,0,4,1,4,1,0,0,40,39,0
48,0,117054,4,0,0,1,4,1,0,0,99,39,0
56,5,124137,14,2,10,0,4,1,99999,0,45,39,1
44,7,107503,10,2,10,0,4,1,5013,0,60,39,0
24,4,70261,15,4,14,3,4,1,0,0,40,39,0
49,4,367037,7,0,1,1,4,0,4650,0,40,39,0
38,4,258339,8,2,8,0,4,1,0,0,70,20,0
36,6,269509,11,0,12,1,4,1,0,0,35,39,0
27,7,301302,10,3,13,1,4,1,0,0,20,0,0
50,4,369367,11,0,1,4,4,0,0,0,40,39,0
46,4,224582,15,4,7,1,4,0,0,0,52,39,0
41,2,343591,9,5,10,4,4,0,0,0,10,39,0
45,0,53540,1,0,0,4,2,0,0,0,16,39,0
46,4,153536,2,2,3,0,4,1,0,0,40,39,0
65,0,91262,11,2,0,0,1,1,0,0,48,39,1
44,4,238574,14,2,10,0,4,1,0,0,50,39,1
35,4,247558,15,0,13,1,4,1,0,0,50,39,0
44,6,188278,7,0,4,4,2,0,0,0,45,39,0
51,4,194995,11,2,12,0,4,1,0,0,50,39,0
74,2,168782,5,6,8,1,4,0,0,0,35,39,0
32,4,287229,11,4,1,1,4,0,0,0,35,39,0
22,4,202153,15,4,1,3,4,0,0,0,30,39,0
58,0,230586,0,6,0,4,2,0,0,0,40,39,0
47,4,115358,11,0,4,4,2,0,0,0,40,39,0
32,4,78283,2,4,14,4,1,1,0,0,40,39,0
64,1,168854,15,6,4,1,4,0,0,0,25,39,0
44,4,222011,12,0,10,4,4,0,0,0,25,39,1
59,4,157749,9,6,4,4,4,1,0,3004,40,39,1
34,4,203814,11,2,8,5,4,0,0,0,35,39,0
54,4,74660,9,0,10,4,4,1,0,0,40,2,1
33,4,292603,15,0,8,1,2,0,0,0,30,6,0
44,4,172364,3,2,14,5,4,0,3908,0,60,39,0
31,4,305619,15,2,1,0,4,1,0,0,40,39,1
30,7,157990,11,2,1,0,4,1,0,0,40,39,0
18,4,120243,1,4,6,3,4,1,0,0,17,39,0
56,6,296991,14,2,10,0,4,1,0,0,55,9,1
24,4,174845,11,4,1,1,4,0,0,0,40,39,0
23,4,180475,15,4,4,1,4,1,0,0,40,39,0
51,4,152652,1,0,7,1,4,1,0,0,40,39,0
24,4,172941,9,4,10,4,2,1,0,0,20,39,0
39,1,450770,11,4,6,4,2,1,0,0,40,39,0
49,6,166003,11,2,8,0,4,1,0,0,40,39,0
22,0,204935,11,4,0,3,4,1,0,0,40,39,0
42,7,60949,12,4,10,1,4,1,0,0,45,39,0
51,2,181132,12,5,10,1,4,1,0,0,39,39,1
20,4,408988,15,4,12,3,4,0,594,0,24,39,0
49,4,169515,0,4,7,1,2,0,0,0,40,39,0
31,4,250087,14,2,10,0,4,1,0,0,50,39,1
41,4,208613,15,4,12,1,4,1,0,0,40,39,0
35,4,225172,11,2,4,0,4,1,0,0,60,39,1
20,0,125905,15,4,0,3,4,1,0,0,30,39,0
35,4,165007,8,2,3,0,4,1,4386,0,42,39,1
46,4,165346,12,0,4,4,4,0,0,0,8,39,0
35,4,37655,11,0,7,4,4,0,0,0,60,39,0
21,4,172047,15,4,13,3,4,1,0,0,20,39,0
45,4,178530,2,0,3,1,4,1,0,0,40,39,0
37,2,347491,7,2,3,0,4,1,0,0,40,39,1
45,5,208049,7,0,4,1,4,0,0,1590,40,39,0
18,4,111019,0,4,8,3,4,1,0,0,24,39,0
53,6,163826,15,2,10,0,4,1,0,0,45,39,1
24,2,117023,9,4,10,3,4,0,0,0,40,39,0
35,4,281982,11,2,1,0,4,1,0,0,40,39,0
28,4,150025,11,2,8,0,4,1,0,0,40,33,0
50,4,176215,11,2,12,0,4,1,7688,0,56,39,1
38,4,166062,11,0,1,1,4,0,0,0,50,39,0
34,2,28568,11,0,3,4,4,1,0,0,40,39,0
53,4,53833,15,2,14,0,4,1,0,0,32,39,1
46,4,219967,7,2,12,0,4,1,15024,0,45,39,1
50,4,309017,15,0,12,4,4,1,0,0,45,39,0
45,4,353083,15,5,8,4,4,0,0,0,40,39,0
29,4,257992,8,4,12,3,2,1,0,0,23,39,0
41,4,283174,9,2,3,0,4,1,99999,0,40,39,1
43,6,185413,9,2,4,0,4,1,0,1977,50,39,1
29,4,207513,15,2,3,0,4,1,0,0,56,39,0
53,4,56213,15,2,4,0,4,1,0,0,45,39,1
24,4,100961,11,4,8,1,4,0,0,0,40,39,0
35,4,51700,11,2,14,0,4,1,0,0,40,39,0
25,4,199224,15,4,6,3,4,1,0,0,30,39,0
43,2,70055,8,2,11,0,4,1,0,0,56,39,0
38,4,183683,0,3,8,1,4,1,0,0,45,39,0
64,4,45868,5,5,9,1,3,0,0,0,35,26,0
37,4,94706,9,4,10,3,0,1,27828,0,40,39,1
48,4,322183,11,2,6,0,4,1,0,0,35,39,1
27,6,226976,11,2,10,0,4,1,0,0,50,39,1
45,4,262678,9,2,12,0,4,1,0,0,40,39,0
41,4,135056,12,6,10,1,4,0,10520,0,38,39,1
33,0,148380,9,2,0,5,4,0,3103,0,60,39,1
42,4,270710,6,0,8,4,4,0,0,0,40,39,0
29,4,166220,9,4,12,3,4,0,0,0,50,39,0
29,4,229803,11,3,14,1,2,1,0,0,49,14,0
71,5,172652,9,2,10,0,4,1,0,0,30,39,0
29,1,204796,0,5,4,1,4,0,0,0,40,39,0
23,7,186634,9,4,1,1,4,1,0,0,16,39,0
28,4,106672,9,4,12,3,4,1,0,0,2,39,0
55,4,135339,9,2,10,0,1,1,0,0,40,3,1
47,7,287547,9,2,10,5,4,0,0,0,40,39,0
21,0,197583,15,4,0,3,4,0,0,0,40,39,0
33,4,159737,11,5,6,4,2,0,0,0,40,39,0
35,2,252217,2,2,5,0,4,1,0,0,40,39,0
42,5,202466,9,2,1,5,4,0,0,0,45,39,1
33,4,123031,11,3,1,4,0,1,0,0,40,39,0
30,4,226296,12,4,4,1,4,1,0,0,40,39,0
37,4,232036,15,2,3,0,4,1,0,0,40,39,0
19,0,233779,11,4,0,3,4,1,0,0,25,39,0
21,0,152328,15,4,0,3,4,1,0,0,40,39,0
46,6,481987,15,2,10,0,4,1,0,0,35,39,0
42,4,107563,11,2,14,0,4,1,0,0,40,39,1
28,4,184806,12,4,4,1,4,1,0,0,58,39,0
36,4,188850,11,2,1,0,4,1,0,0,40,39,1
39,4,127573,11,4,1,1,4,0,0,0,40,39,0
27,4,72443,11,4,13,1,4,1,0,0,40,39,0
57,4,142080,11,2,1,5,2,0,0,0,38,39,1
50,4,143353,11,0,9,4,2,0,0,0,12,39,0
63,4,172433,15,2,4,0,4,1,0,1887,40,39,1
44,4,67874,15,0,12,4,4,1,0,625,50,39,0
38,4,415578,0,2,3,0,4,1,0,0,40,39,1
30,6,370498,15,4,12,1,4,1,0,0,40,39,0
20,4,140513,15,4,1,3,2,0,0,0,25,39,0
44,6,193882,14,2,10,0,4,1,0,0,50,39,1
24,4,289909,11,4,7,1,4,1,0,0,40,39,0
26,4,284078,15,4,14,1,4,1,2354,0,40,39,0
42,6,83953,15,2,5,0,4,1,0,0,70,39,0
54,4,167380,11,2,3,0,4,1,0,0,40,39,1
45,7,112761,15,0,1,1,4,0,0,0,45,39,0
37,4,420040,3,2,5,0,4,1,0,0,40,26,0
30,1,42900,9,4,10,1,4,1,0,0,40,39,0
36,4,32086,15,2,3,0,4,1,7298,0,40,39,1
19,4,291181,6,4,8,3,4,0,0,0,50,26,0
22,4,71009,7,4,1,1,1,0,0,0,40,30,0
65,1,200764,11,6,1,1,4,0,0,0,40,39,0
52,0,133336,0,0,0,1,4,1,0,0,25,39,0
36,6,166193,11,2,12,0,4,1,0,0,30,39,0
22,4,240229,11,4,1,3,4,0,0,0,40,39,0
28,4,334032,8,2,3,0,4,1,0,0,50,39,0
30,7,184901,9,2,4,0,4,1,0,0,40,39,1
47,4,132912,15,2,4,0,4,1,0,0,55,39,1
29,4,217290,15,4,4,1,4,0,0,0,40,39,0
36,4,184655,11,2,7,0,4,1,0,0,40,39,0
30,4,242739,9,0,12,3,4,0,0,0,40,39,0
52,4,279344,12,2,4,5,4,0,15024,0,60,39,1
62,4,166691,11,0,4,4,4,0,0,0,40,39,0
42,4,154374,12,2,3,0,4,1,0,0,55,39,1
33,4,31740,11,2,14,0,4,1,0,0,40,39,0
17,4,129396,1,4,12,2,4,0,0,0,26,39,0
54,4,195015,11,4,1,1,4,0,0,0,40,39,0
41,4,187431,11,4,7,1,2,1,0,0,40,39,0
45,7,259087,12,0,10,1,4,0,0,0,45,39,0
37,7,62428,15,4,10,4,2,0,0,0,15,39,0
21,4,77572,11,4,6,1,1,0,0,0,34,35,0
29,4,245402,9,0,13,1,4,0,0,0,40,39,0
18,7,201117,11,4,1,3,4,1,0,0,40,39,0
18,0,36779,1,4,0,3,4,0,0,0,20,39,0
62,4,177028,11,2,11,0,2,1,0,0,40,39,0
19,4,106306,15,4,3,3,4,0,0,0,20,39,0
62,4,101582,5,6,7,4,4,0,0,0,35,39,0
58,2,158357,9,0,10,1,4,0,0,0,40,39,0
34,4,377850,15,2,1,0,4,1,0,0,50,39,0
62,4,207443,1,4,7,2,4,1,0,0,50,39,0
23,4,130959,15,2,1,0,4,1,0,0,12,39,0
37,4,112497,9,3,4,4,4,1,4934,0,50,39,1
42,4,190545,7,4,1,1,4,1,0,0,46,39,0
21,4,114292,1,4,8,4,4,1,0,0,40,39,0
41,4,75171,9,0,4,4,4,0,0,0,40,39,0
27,4,312939,1,4,6,3,4,1,0,0,40,39,0
37,4,52870,9,2,4,0,4,1,0,0,40,39,0
40,4,174947,11,2,7,0,4,1,0,0,45,39,1
62,2,106069,5,2,3,0,4,1,0,0,40,39,0
29,4,298696,15,4,8,1,4,0,0,0,40,39,0
33,4,392812,12,2,4,0,4,1,0,1977,50,39,1
53,4,117932,11,0,7,1,4,0,0,0,40,39,0
64,4,135527,8,0,13,1,4,0,0,0,40,39,0
60,4,135158,15,2,3,0,4,1,15024,0,48,39,1
47,4,54260,1,4,6,3,4,1,0,0,40,39,0
45,7,28171,12,2,4,0,4,1,0,0,40,39,0
33,4,150324,8,2,13,0,4,1,0,0,40,39,0
29,4,109494,9,2,10,0,4,1,5178,0,45,39,1
57,4,204209,5,2,3,0,4,1,3103,0,40,39,1
19,4,328167,11,4,8,3,4,1,0,0,35,39,0
26,4,157617,9,4,10,3,4,1,0,0,40,0,0
63,5,180955,4,2,12,0,4,1,0,0,25,39,0
42,4,478373,7,0,10,1,4,0,0,0,40,39,0
38,6,245090,9,2,13,0,4,1,0,0,50,39,1
34,4,209900,0,4,5,1,4,1,0,0,40,39,0
20,0,228649,15,4,0,3,4,1,0,0,30,39,0
35,4,190297,5,2,3,0,4,1,0,0,40,39,0
38,4,44780,9,2,12,5,4,0,0,0,8,39,1
52,7,32372,15,2,10,0,4,1,0,0,40,39,0
32,4,137184,15,2,3,0,4,1,0,0,40,39,0
67,4,366425,10,0,4,1,4,1,99999,0,60,39,1
26,4,160307,12,4,10,1,4,0,0,2001,40,39,0
58,4,170480,12,2,4,0,4,1,0,0,60,39,1
48,4,224393,8,2,1,0,4,1,0,0,40,39,1
25,4,173212,9,4,10,3,4,1,0,0,40,39,0
25,4,86646,9,4,10,1,4,1,4865,0,48,39,0
25,4,108683,15,4,6,4,4,1,0,0,50,39,0
18,4,70021,11,4,6,3,4,1,0,0,12,39,0
36,4,192939,11,2,12,0,4,1,0,0,60,39,0
45,6,144086,1,2,3,0,4,1,0,0,50,39,0
34,4,97614,11,4,3,1,4,1,0,0,40,39,0
68,5,260198,9,2,12,0,4,1,0,0,40,39,1
37,4,486194,15,4,4,1,4,1,0,0,50,13,0
21,4,112225,15,4,4,3,1,1,0,0,15,39,0
49,4,164200,15,2,10,0,4,1,0,0,40,39,0
39,2,52401,12,4,10,1,4,0,0,0,50,39,0
41,4,195821,10,2,4,5,4,0,0,1902,40,39,1
35,4,108140,12,2,4,0,4,1,0,0,50,39,1
29,2,187981,15,2,8,0,4,1,0,0,40,39,0
29,0,108126,6,5,0,3,4,0,0,0,40,39,0
54,2,168212,9,2,10,0,4,1,7688,0,40,39,1
32,6,198613,9,4,12,1,4,1,0,0,45,0,1
18,4,52098,1,4,8,3,4,1,0,0,30,39,0
30,4,509364,15,2,1,3,4,1,0,0,40,39,1
66,0,128614,0,2,0,0,4,1,0,0,15,39,1
23,2,238384,11,4,1,3,4,0,0,0,40,39,0
36,4,317434,11,2,7,0,4,1,0,0,50,39,0
34,4,158688,15,2,10,0,4,1,0,0,45,39,0
39,6,267412,8,2,5,0,4,1,0,0,60,39,0
26,2,391074,0,4,6,3,2,1,0,0,40,39,0
78,4,135692,15,2,3,0,4,1,0,0,40,39,0
28,4,78529,15,4,4,1,4,0,0,0,40,39,0
51,4,117700,15,2,1,5,4,0,0,0,40,39,0
33,2,83413,15,2,11,0,4,1,0,0,50,39,1
44,0,210875,1,0,0,1,2,0,0,0,40,39,0
34,4,108023,9,2,10,0,4,1,0,0,40,39,1
33,6,103435,14,2,10,0,4,1,7688,0,50,39,1
28,4,632733,12,2,12,0,4,1,0,0,60,39,1
55,4,266019,6,2,6,0,2,1,0,0,4,39,0
30,4,41210,8,4,7,1,4,1,0,0,45,39,0
45,4,125892,11,3,3,1,4,1,0,0,40,31,0
46,4,135339,8,2,3,0,2,1,0,0,40,39,1
17,4,272372,1,4,1,3,4,0,0,0,7,39,0
40,4,291300,1,2,7,0,4,1,0,0,40,33,0
44,2,157473,12,0,10,1,4,0,0,0,50,39,1
56,4,329948,11,2,12,0,4,1,0,0,40,39,0
69,5,264722,7,2,12,0,4,1,0,0,40,39,1
41,4,132853,3,2,14,0,4,1,0,0,40,26,0
47,2,216586,1,0,8,1,2,1,0,0,40,39,0
33,4,504725,1,2,14,0,4,1,3464,0,40,26,0
25,7,150083,9,4,10,1,4,1,0,0,20,39,0
42,4,188789,5,6,6,1,4,0,0,0,35,39,0
65,0,101427,9,2,0,0,4,1,2653,0,30,39,0
24,4,103277,8,4,10,3,4,0,0,0,40,39,0
48,1,191013,9,6,10,4,0,0,0,0,40,39,0
82,5,220667,5,6,4,1,4,0,0,0,40,39,0
36,4,188800,11,2,12,0,4,1,0,0,40,39,1
34,4,24361,14,4,10,1,4,0,10520,0,40,39,1
28,4,82910,11,2,14,0,4,1,0,0,40,39,0
65,4,105586,15,2,4,0,1,1,20051,0,40,39,1
66,6,240294,15,2,14,0,2,1,0,0,60,39,0
40,4,21755,15,4,3,2,0,1,0,0,30,39,0
66,4,73522,15,2,12,0,4,1,0,0,40,0,0
37,4,222450,4,2,7,0,4,1,0,0,40,8,0
34,4,35595,9,2,12,0,4,1,0,0,40,39,0
41,6,239061,12,6,10,1,4,0,0,0,20,39,0
43,4,122473,12,2,4,5,2,0,0,1977,50,39,1
20,4,190290,11,4,14,1,4,1,0,0,45,2,0
59,4,193375,12,2,10,5,4,0,0,0,10,39,0
48,4,148576,11,2,7,0,4,1,0,0,40,39,1
45,7,72896,8,2,10,0,4,1,0,0,40,39,1
28,4,180299,11,2,3,0,4,1,0,0,48,39,0
43,4,221550,9,5,1,4,4,0,0,0,35,39,0
18,4,183011,15,4,8,3,2,0,0,0,15,14,0
34,0,370209,11,0,0,1,4,1,0,0,40,39,0
55,5,298449,10,2,10,0,4,1,0,2179,60,39,0
21,2,300812,11,4,8,3,4,1,0,0,40,39,0
47,4,173938,9,2,3,0,4,1,0,0,40,39,0
45,4,282172,7,4,4,1,4,0,0,0,40,39,0
61,4,87300,11,0,8,1,4,0,0,0,40,39,0
23,4,64520,0,4,3,1,4,1,0,0,40,39,0
44,7,119567,12,5,10,4,4,0,0,0,40,39,0
45,4,117310,11,2,4,5,4,0,0,0,50,39,1
35,7,28738,9,4,1,1,4,0,4101,0,40,39,0
17,0,99695,0,4,0,3,4,0,0,0,15,39,0
49,4,366089,9,2,4,0,4,1,0,0,50,39,1
40,4,234397,9,2,11,0,2,1,0,0,40,39,1
28,6,132686,12,4,10,1,4,1,0,0,40,39,0
33,5,196963,15,4,4,1,4,0,0,0,60,39,0
31,7,46492,8,4,3,3,4,1,0,0,40,39,0
38,2,274245,7,4,10,1,4,1,0,0,40,39,0
62,4,360032,0,0,12,1,4,0,0,0,35,39,0
40,4,144778,11,4,6,1,4,1,0,0,40,39,0
61,4,142245,11,0,1,1,4,0,0,0,40,39,0
42,1,178074,12,2,1,5,4,0,0,1902,40,39,1
19,0,218171,15,4,0,3,1,1,0,0,2,35,0
32,2,130242,9,2,10,0,4,1,0,0,45,39,0
52,4,98980,11,0,14,1,4,1,0,0,40,39,0
34,4,284629,11,2,10,0,4,1,0,0,40,39,0
37,4,114591,7,4,4,1,4,0,0,0,50,39,1
30,4,134639,9,4,4,1,4,1,8614,0,45,39,1
27,4,134890,8,2,3,0,4,1,0,0,40,39,0
25,4,199545,11,4,12,1,4,0,0,0,35,39,0
32,4,227282,15,2,14,0,4,1,0,0,50,39,0
47,5,308241,9,0,4,4,4,0,0,0,60,39,1
43,4,214781,15,4,1,4,4,1,0,0,38,39,1
50,2,173630,12,2,10,0,4,1,0,0,36,39,1
42,1,348059,7,5,10,4,4,0,0,0,40,39,1
31,4,208785,1,4,3,1,4,1,0,0,30,39,0
43,4,151809,11,2,14,0,4,1,0,0,30,39,0
37,4,71592,11,4,8,2,1,0,0,0,17,39,0
58,4,132704,9,0,1,1,4,1,3325,0,40,39,0
32,4,250583,15,0,12,1,4,0,0,0,38,39,0
35,4,114765,12,4,10,1,4,0,0,0,38,39,1
40,6,194924,15,2,5,0,4,1,0,0,60,39,0
39,6,73471,11,2,8,0,4,1,0,1573,45,39,0
51,4,250423,12,2,12,0,4,1,0,0,55,39,1
42,4,145441,11,2,4,0,4,1,0,0,50,39,1
27,4,86681,15,0,12,1,4,0,0,0,40,39,0
69,4,188643,11,6,1,1,4,0,0,1429,30,39,0
74,4,68326,8,6,9,1,4,0,0,0,40,39,0
36,4,382859,7,2,4,0,4,1,0,0,43,39,1
23,0,211968,15,4,0,3,4,0,0,0,23,20,0
48,2,132368,4,2,14,0,4,1,0,0,40,39,0
38,4,196123,15,2,10,0,4,1,0,0,40,39,0
68,4,178066,6,2,3,0,4,1,1797,0,24,39,0
40,7,105936,14,4,10,3,4,0,0,0,40,39,0
23,4,306639,6,2,7,0,4,1,0,0,40,39,0
48,4,26502,11,0,4,1,4,1,0,0,40,39,0
47,2,204698,12,2,10,0,4,1,0,0,40,39,0
55,4,118057,11,6,3,4,4,1,0,0,51,39,0
22,7,199266,15,4,1,1,4,0,0,0,17,39,0
49,4,248145,11,2,3,2,4,1,0,0,40,27,0
51,4,239284,11,6,12,1,4,0,0,0,40,39,0
42,5,188738,9,2,4,0,4,1,7688,0,40,39,1
31,4,209101,9,2,4,0,4,1,0,0,50,39,1
67,2,197816,11,2,10,0,4,1,0,0,24,39,0
27,0,60726,9,4,0,1,2,1,0,0,45,39,0
59,6,211678,12,2,14,0,4,1,0,0,15,39,0
66,4,304957,11,6,9,4,4,0,0,0,25,39,0
28,4,278552,8,4,4,1,4,1,0,0,60,39,1
33,6,79303,15,2,5,0,4,1,0,0,50,39,0
44,2,64632,9,4,10,1,4,1,0,0,55,39,0
39,4,560313,12,2,10,0,2,1,0,0,45,39,1
39,2,174597,9,2,3,0,4,1,0,0,42,39,0
46,4,139946,11,0,4,4,4,0,0,0,38,39,1
19,4,277695,13,4,5,1,4,1,0,0,36,26,0
44,6,138471,15,2,3,0,4,1,0,0,50,39,0
24,4,320615,11,4,12,3,4,1,0,2205,40,39,0
48,4,164954,11,4,8,3,2,0,0,0,42,39,0
27,4,263728,11,2,6,0,4,1,3137,0,50,39,0
44,4,103980,15,0,10,3,4,1,3325,0,35,39,0
30,4,159442,11,4,1,1,4,0,0,0,35,21,0
32,1,113838,9,2,10,0,4,1,0,0,40,39,1
49,4,28171,12,2,11,0,4,1,15024,0,78,39,1
37,6,227253,13,2,12,0,4,1,0,0,30,26,0
24,4,211129,9,4,4,2,4,0,0,0,60,39,1
19,4,120003,15,4,1,3,4,0,0,0,20,39,0
20,4,245182,15,4,1,3,4,0,0,0,10,39,0
25,4,188767,7,4,4,1,4,1,0,0,45,39,0
29,4,227890,15,0,7,1,2,1,0,0,40,39,0
43,4,131650,15,2,4,0,4,1,0,0,40,39,1
35,2,258725,7,2,13,0,4,1,0,0,40,39,0
47,2,127678,15,2,11,0,4,1,0,0,48,39,1
53,4,110747,11,2,3,0,4,1,0,0,40,39,0
27,4,409246,11,2,5,0,4,1,0,0,40,39,1
32,4,128829,11,4,1,4,4,0,0,0,40,39,0
36,4,170031,11,2,3,0,4,1,0,0,40,39,0
55,6,150917,5,2,12,0,4,1,0,0,80,39,0
41,4,197372,0,2,14,0,4,1,0,0,70,39,0
49,6,43479,10,0,10,4,4,1,0,0,63,2,1
36,4,166549,11,2,3,0,4,1,0,0,40,39,0
62,4,119684,9,2,12,0,4,1,2829,0,28,39,0
44,4,651702,11,2,3,0,4,1,0,0,72,39,0
69,6,199829,9,2,4,0,4,1,0,1258,40,39,0
22,4,86745,15,4,1,3,1,0,0,0,40,30,0
36,4,644278,11,2,3,0,4,1,0,0,25,39,0
58,4,31137,11,2,12,0,4,1,3464,0,60,39,0
32,4,104525,11,2,3,0,4,1,2407,0,40,39,0
19,0,91278,15,4,0,3,4,1,0,0,25,39,0
27,4,111361,15,0,12,4,4,0,0,0,35,39,0
19,0,291692,15,4,0,3,4,1,0,0,28,39,0
35,4,228881,11,4,3,2,3,1,0,0,40,33,0
58,4,152731,9,2,12,0,4,1,0,0,40,39,1
18,4,178310,15,4,1,3,4,0,0,0,20,39,0
48,6,116360,8,0,13,2,2,0,0,0,10,39,0
22,4,535852,0,4,7,1,4,1,0,0,40,26,0
39,4,30828,11,0,6,1,4,1,0,0,40,39,0
47,6,39518,9,2,12,0,4,1,0,0,60,39,0
23,4,445758,4,4,6,4,4,1,0,0,40,26,0
40,4,222504,8,4,10,3,4,0,0,0,36,39,0
35,4,357619,8,2,1,5,4,0,0,0,40,11,0
20,0,121389,15,4,0,3,4,1,0,0,32,39,0
41,4,228847,15,2,12,0,4,1,0,0,40,39,1
27,4,118598,11,4,7,4,2,0,0,0,35,39,0
58,4,49893,12,2,4,0,4,1,0,0,50,39,1
38,4,452353,15,0,1,4,4,0,0,0,40,39,0
40,7,285000,9,0,1,4,2,0,0,0,40,39,0
29,4,263300,11,5,9,4,2,0,0,0,55,39,0
28,7,132675,8,4,4,1,2,0,0,0,40,11,0
35,4,175232,15,4,1,1,4,1,0,0,40,39,0
18,4,257421,2,4,7,3,2,0,0,0,40,39,0
29,4,196227,9,4,10,1,4,0,0,0,40,39,0
25,4,34965,15,4,12,2,4,1,0,0,40,39,0
65,4,475775,11,6,1,1,4,0,0,0,22,39,0
19,4,196857,1,4,1,3,4,0,594,0,15,39,0
37,4,159917,6,5,8,4,4,0,0,0,25,39,0
22,4,212803,11,4,8,1,4,0,0,0,40,39,0
70,4,118902,9,2,1,0,4,1,0,0,40,34,0
21,2,166827,15,4,8,1,4,0,0,0,32,39,0
21,4,180060,15,4,7,3,4,1,0,0,40,39,0
23,4,47218,15,4,1,2,4,0,0,0,40,39,0
46,4,73541,11,2,1,0,4,1,0,0,40,39,0
33,7,150688,10,2,10,0,1,1,0,0,50,19,1
36,4,207824,9,2,10,0,4,1,7298,0,40,39,1
42,5,198282,9,2,4,0,4,1,0,0,60,39,1
52,4,206359,8,2,12,0,4,1,0,0,40,39,0
55,0,125659,11,2,0,5,4,0,0,0,6,39,1
60,2,129193,15,6,5,1,4,1,0,0,40,39,0
57,2,167457,5,0,4,4,4,0,0,0,40,39,0
35,4,455469,9,2,3,0,2,1,0,0,40,39,1
24,4,206891,11,4,1,1,4,0,0,0,40,39,0
37,4,269323,9,2,10,0,4,1,0,0,55,39,1
45,2,187715,11,2,11,0,4,1,0,0,40,39,1
48,1,71376,12,4,4,1,4,1,0,0,40,39,0
22,4,268707,1,2,7,2,4,1,0,0,42,39,0
45,4,215620,11,0,14,1,4,1,0,0,40,39,0
32,4,158438,11,0,14,3,4,1,0,0,40,39,0
35,4,209629,9,4,10,1,4,1,0,0,40,39,0
22,4,121076,9,4,10,3,4,0,0,0,40,39,0
34,4,97933,6,5,1,4,4,0,0,0,38,39,0
25,4,177423,11,4,8,1,1,1,4416,0,45,30,0
39,4,185520,15,4,5,1,4,0,0,0,40,39,0
44,1,38321,11,2,3,0,4,1,0,0,40,39,1
33,4,213307,3,0,7,4,4,0,0,0,40,26,0
48,4,328581,1,2,7,0,2,1,0,0,40,39,0
58,4,177368,11,2,1,0,4,1,0,0,40,39,0
36,4,148903,15,4,4,1,4,0,0,0,60,39,0
53,6,385520,11,6,5,4,4,0,0,0,55,39,0
25,6,193716,15,2,5,0,4,1,0,0,50,39,0
21,4,238899,9,4,12,3,2,0,0,0,30,39,0
36,4,209993,4,2,9,5,4,0,0,0,40,8,0
51,7,136060,11,6,1,4,4,0,0,0,40,39,0
26,2,192944,9,4,10,1,4,0,0,0,40,39,0
41,4,29927,8,0,10,4,4,0,0,0,40,39,0
23,2,200593,9,4,10,3,4,1,0,0,40,39,0
20,4,311376,15,4,4,3,4,0,0,0,25,39,0
58,4,206814,9,2,1,0,4,1,7688,0,50,39,1
21,4,278391,11,4,1,3,4,1,0,0,25,27,0
32,4,364657,9,2,10,0,4,1,0,0,50,39,1
54,0,120781,10,3,0,4,1,1,0,0,20,19,0
62,4,175080,11,2,1,5,4,0,0,0,40,39,0
29,0,522241,15,2,0,5,4,0,0,0,40,39,0
43,4,161240,8,2,3,0,4,1,0,0,60,39,0
20,4,162282,15,4,7,3,4,1,0,0,60,39,0
23,4,199419,15,4,1,3,4,0,0,0,20,39,0
26,4,171114,9,4,1,1,4,0,0,0,40,39,0
33,4,208855,14,2,10,0,4,1,0,0,60,39,1
30,4,381030,15,4,3,1,2,1,0,0,40,39,0
63,4,219337,5,2,3,0,4,1,3471,0,45,39,0
45,4,180010,11,0,12,3,4,0,0,0,40,39,0
39,4,189382,15,4,1,1,4,0,0,0,40,39,0
26,4,121712,11,4,6,4,4,1,0,0,30,39,0
28,0,192257,15,2,0,0,4,1,0,0,5,39,0
20,0,68620,15,4,0,3,4,1,0,0,40,39,0
39,4,352188,9,4,1,1,4,1,0,0,40,39,0
34,4,398874,9,4,10,1,4,1,0,0,42,39,0
33,4,191930,11,4,8,2,2,1,0,0,50,39,0
26,4,269168,15,2,4,0,1,1,0,0,40,39,0
20,0,123536,15,4,0,1,1,0,0,0,40,39,0
40,4,173651,15,2,10,0,4,1,0,0,40,39,1
49,4,149337,11,5,6,1,4,1,0,0,40,39,0
64,4,146674,11,2,8,0,2,1,0,0,40,0,1
65,4,173483,9,0,10,1,4,0,0,0,35,39,0
19,4,223669,1,4,8,3,4,1,0,0,20,39,0
47,4,182177,15,0,11,4,4,0,0,0,23,39,0
24,4,109414,15,4,12,2,1,1,0,0,20,19,0
55,5,150917,15,2,4,0,4,1,0,1977,45,39,1
61,6,39128,11,2,3,0,4,1,0,0,35,39,0
47,2,103540,9,2,10,0,4,1,0,0,50,39,1
64,4,110212,11,2,8,0,2,1,0,0,40,39,0
37,4,222450,11,4,12,1,4,1,0,2339,40,8,0
21,0,113760,11,4,0,3,4,0,0,0,40,39,0
40,0,253717,1,2,0,5,4,0,0,0,16,39,0
25,4,306908,11,2,7,0,4,1,0,0,40,39,0
41,6,263871,15,2,3,0,4,1,0,0,55,39,0
40,7,55294,9,2,10,0,4,1,0,0,40,39,1
21,4,174063,8,4,8,3,4,0,0,0,20,39,0
54,7,258735,15,2,4,0,4,1,0,0,40,39,1
47,4,275867,11,2,10,0,4,1,0,0,40,39,0
21,4,154235,15,4,12,3,4,0,0,0,35,39,0
32,2,210448,15,2,3,2,4,1,0,0,40,39,0
32,4,337908,15,0,1,4,2,0,0,0,30,39,0
26,7,205333,9,4,10,1,4,0,0,0,10,39,0
23,4,187447,15,5,8,3,4,1,0,0,40,39,0
27,4,153589,6,5,3,1,4,1,0,0,40,39,0
29,2,149988,15,0,1,4,4,0,0,0,40,39,0
43,4,398959,15,2,3,0,4,1,0,0,40,39,0
23,0,194096,15,4,0,3,4,0,0,0,30,39,0
39,4,44041,7,3,1,2,4,1,0,0,60,39,0
22,4,208946,7,4,12,3,4,1,0,0,30,0,0
47,4,202117,11,0,12,1,4,0,0,0,37,39,0
34,2,303129,11,0,14,1,0,1,0,0,40,39,0
35,4,215419,15,0,1,1,4,0,0,0,45,39,0
20,4,175069,15,4,12,3,4,1,1055,0,30,39,0
36,1,20469,11,0,1,4,0,0,0,0,40,39,0
52,4,254680,11,2,14,0,2,1,0,0,99,39,0
38,5,46385,11,2,4,0,4,1,0,0,40,39,0
33,4,178463,11,2,3,0,4,1,0,0,40,39,0
18,4,229296,11,4,6,3,4,1,0,0,35,39,0
38,4,179352,7,3,1,4,4,0,0,0,40,39,0
56,6,177368,15,2,11,0,4,1,0,0,50,39,1
30,4,156015,15,2,4,0,4,1,0,0,45,39,1
35,7,308945,15,2,7,0,4,1,0,0,50,39,1
60,6,119575,11,2,12,0,4,1,0,0,50,39,0
20,4,332689,4,2,3,0,4,1,0,0,40,26,0
18,4,150817,2,4,11,3,4,0,0,0,45,39,0
19,4,50941,15,4,12,3,4,0,0,0,15,39,0
53,1,59664,11,2,12,0,2,1,5013,0,40,39,0
18,4,56613,15,4,7,3,4,0,0,0,20,39,0
44,4,162372,6,2,3,0,4,1,0,0,45,33,0
57,4,77927,4,0,8,1,1,0,0,0,37,39,0
36,0,157278,15,4,0,1,4,0,0,0,40,39,0
40,6,170214,9,2,14,0,4,1,0,0,70,20,0
33,4,76493,9,4,10,1,4,1,0,0,50,39,1
19,4,130431,4,4,5,1,4,1,0,0,36,26,0
40,7,23037,15,4,8,3,0,1,0,0,84,39,0
20,6,176321,15,4,7,1,4,0,0,0,40,39,0
47,4,105449,9,2,12,0,4,1,0,0,65,39,1
41,4,157217,11,5,3,4,4,1,0,0,40,39,0
47,1,382532,15,2,3,0,4,1,0,1887,40,39,1
23,4,250918,15,4,8,1,2,1,0,0,30,39,0
49,7,139268,15,2,8,0,4,1,0,0,70,39,1
37,6,200352,9,2,3,0,4,1,0,0,50,39,1
67,4,267915,11,0,3,1,2,1,0,0,40,39,0
24,4,376474,11,2,7,0,4,1,0,0,40,39,0
39,4,153047,11,2,3,0,4,1,0,0,50,39,1
29,4,154236,11,2,7,0,4,1,4386,0,58,39,1
22,0,261881,1,4,0,2,2,0,0,0,15,39,0
26,4,427744,11,4,1,3,4,1,0,0,40,39,0
33,6,100580,15,2,8,5,4,0,0,0,10,39,0
23,4,238179,11,4,8,1,4,1,0,2339,45,39,0
37,7,272471,15,6,14,4,4,0,0,0,40,39,0
30,4,259058,12,0,10,4,4,1,0,1726,40,39,0
41,4,112656,11,0,8,4,4,0,0,0,40,39,0
23,4,197286,9,4,1,3,4,0,0,0,40,39,0
47,1,26145,7,2,4,0,4,1,0,0,40,39,0
24,4,314440,11,4,7,1,4,0,0,0,40,39,0
39,4,57691,11,5,4,1,4,1,0,2258,70,39,0
33,4,301251,11,2,3,0,4,1,0,0,60,39,1
25,4,243410,11,4,8,1,2,0,0,0,40,39,0
40,4,119008,11,5,8,4,2,0,0,0,40,39,0
67,4,169435,6,2,14,0,4,1,0,0,40,39,0
55,4,200327,11,2,1,5,4,0,0,0,18,39,0
69,4,31501,8,6,1,4,4,0,0,0,40,39,0
34,4,223327,11,2,13,0,4,1,0,1672,42,39,0
52,4,191130,14,2,10,0,4,1,15024,0,40,39,1
22,0,191561,15,2,0,5,4,0,0,0,30,39,0
47,4,245724,9,2,6,0,4,1,0,0,40,39,0
45,4,194134,8,4,8,4,4,0,0,0,40,26,0
23,4,140764,9,4,12,3,4,0,0,1590,40,39,0
41,6,189941,9,4,4,1,4,1,0,0,40,39,0
32,4,149368,9,2,10,0,4,1,0,0,40,39,1
57,2,237546,12,2,4,0,4,1,0,0,60,39,1
34,4,211051,9,4,6,3,4,1,0,0,40,39,0
44,7,307468,8,2,11,0,4,1,0,0,50,39,1
46,6,27847,11,2,3,0,4,1,0,0,48,39,1
60,4,39263,12,4,4,1,4,0,3325,0,35,39,0
46,2,183610,12,5,10,4,4,0,0,0,40,39,0
32,5,235847,12,4,4,1,4,0,0,0,52,39,0
44,2,32627,12,2,4,0,4,1,0,1887,60,39,1
43,4,42026,11,2,6,0,4,1,0,0,40,39,0
48,1,72808,1,0,1,1,4,0,0,0,42,39,0
55,4,377113,9,2,14,0,4,1,15024,0,60,39,1
24,4,176389,9,4,3,3,4,1,0,0,40,39,0
65,4,71075,15,0,12,1,4,0,0,0,20,39,0
51,5,110327,1,2,3,0,4,1,0,0,60,39,1
42,7,392167,9,2,1,0,4,1,0,0,40,39,1
36,4,130808,15,2,3,0,4,1,0,0,40,39,0
19,4,351757,0,4,8,4,4,1,0,0,30,8,0
24,6,345420,5,4,5,2,4,1,0,0,50,39,0
52,4,220984,11,2,7,0,4,1,0,0,40,39,0
28,4,236834,6,4,9,1,4,0,0,0,35,26,0
42,4,153489,9,2,4,0,4,1,0,0,40,39,0
25,4,330850,11,2,11,0,4,1,0,0,70,39,0
53,4,337195,7,2,4,0,4,1,0,0,45,39,1
35,4,214816,11,2,1,0,4,1,0,0,36,39,0
20,4,92863,11,0,7,1,4,1,0,0,40,39,0
38,4,226894,9,4,4,1,2,1,13550,0,40,39,1
46,4,40666,9,0,4,2,4,1,0,0,40,39,0
18,0,142043,1,4,0,2,4,1,0,0,15,39,0
58,4,105239,11,2,6,2,4,1,0,0,40,39,0
41,4,112763,15,2,1,5,4,0,0,0,35,39,0
66,6,219220,11,2,5,0,4,1,2653,0,40,39,0
38,7,168223,15,0,1,4,4,0,0,0,40,39,0
29,4,175639,15,0,8,4,4,0,0,0,28,39,0
39,4,167482,15,2,12,0,4,1,0,0,40,39,0
44,2,178417,11,2,11,3,4,1,0,0,40,39,1
26,2,33604,11,4,6,3,0,1,0,0,25,39,0
27,4,62082,9,4,12,3,3,1,0,0,38,39,0
29,4,149902,10,4,10,1,4,0,0,0,80,39,0
29,4,74784,11,2,14,0,4,1,0,0,70,39,0
47,5,54260,15,2,12,0,4,1,0,0,45,39,0
62,0,119986,9,2,0,0,4,1,0,0,60,39,1
29,2,165218,9,4,10,1,4,0,0,0,55,39,0
52,2,192853,11,2,14,0,3,1,0,0,40,23,1
27,4,56299,1,4,6,2,4,1,0,0,40,39,0
53,0,394690,15,2,0,5,4,0,0,0,5,39,0
29,4,208406,7,4,1,1,4,1,0,0,40,39,0
62,4,165827,11,2,3,0,4,1,0,0,40,39,0
72,4,249559,11,6,9,1,4,0,0,0,25,39,0
27,4,151382,11,4,4,3,4,1,0,0,40,39,0
38,4,161141,15,2,3,0,4,1,0,0,55,39,0
27,4,57092,11,0,3,1,4,1,0,0,45,39,0
49,4,116927,12,0,10,1,4,1,0,0,60,39,0
56,4,133876,9,2,10,0,4,1,0,0,40,39,1
52,5,229259,14,2,10,0,4,1,0,0,40,39,1
22,4,338162,11,2,7,5,2,0,0,0,40,39,0
37,1,38948,9,2,10,0,4,1,0,0,40,39,0
55,4,169276,11,0,7,2,2,1,0,0,40,39,0
38,7,364803,15,2,14,0,2,1,0,0,65,39,0
45,4,302677,15,4,4,1,4,0,0,1340,50,39,0
35,4,235485,9,2,4,0,4,1,0,0,40,39,1
21,4,91189,15,4,12,4,4,1,0,0,60,39,0
54,1,149596,9,2,4,5,4,0,0,0,45,39,0
19,4,89211,11,4,12,3,4,0,0,0,40,39,0
48,7,241854,12,2,4,0,4,1,0,0,55,39,1
41,4,213351,11,2,4,0,4,1,0,0,40,39,0
20,4,74631,6,4,8,3,4,0,0,0,40,39,0
56,4,128696,1,2,13,5,2,0,0,0,40,39,0
49,4,141069,11,0,1,2,4,0,0,0,40,39,0
17,0,347248,0,4,0,3,4,0,0,0,20,39,0
45,4,176947,5,4,1,3,4,0,0,0,20,39,0
46,4,274200,11,0,5,1,4,1,0,0,50,39,0
39,4,94036,11,0,6,3,4,1,0,0,40,39,0
52,0,188431,11,2,0,0,4,1,0,0,45,39,0
34,2,176802,1,5,8,4,2,0,0,0,40,39,0
65,0,258973,15,6,0,1,4,0,401,0,14,39,0
46,4,235646,11,2,3,0,4,1,0,0,40,39,0
41,4,175883,11,2,14,0,4,1,0,0,60,39,0
48,4,154430,9,4,4,1,4,0,0,0,35,39,0
71,4,258126,6,2,11,0,4,1,0,0,39,5,0
26,1,337575,9,4,10,1,4,1,0,0,40,39,1
47,5,308241,11,2,12,5,4,0,0,0,40,39,0
21,0,162165,15,4,0,1,4,0,0,0,43,39,0
23,4,298623,11,4,14,3,2,1,0,0,40,39,0
65,4,270935,11,6,3,1,4,1,0,0,55,39,0
60,4,338833,11,4,1,1,2,0,0,0,38,39,0
19,0,341631,11,4,0,2,4,0,0,0,25,39,0
35,4,233786,11,4,3,4,4,1,0,0,40,39,0
32,4,366876,11,2,3,0,4,1,0,0,40,39,0
36,7,183279,11,2,1,0,4,1,0,0,38,39,0
41,1,29606,15,2,1,5,0,0,0,0,40,39,1
24,2,137300,11,4,8,1,4,0,0,0,20,39,0
45,4,184070,11,4,7,3,2,0,0,0,40,39,0
